"Mark","Name","Location","Year","Kilometers_Driven","Fuel_Type","Transmission","Owner_Type","Mileage","Engine","Power","Seats","Price"
"Land","Land Rover Range Rover 2.2L Pure","Delhi",2014,72000,"Diesel","Automatic","First",12.7,2179,187.7,5,27
"Mercedes-Benz","Mercedes-Benz New C-Class C 220 CDI BE Avantgare","Bangalore",2014,78500,"Diesel","Automatic","First",14.84,2143,167.62,5,28
"Audi","Audi A6 2011-2015 35 TFSI Technology","Mumbai",2015,55985,"Petrol","Automatic","First",13.53,1984,177.01,5,23.5
"Mercedes-Benz","Mercedes-Benz M-Class ML 350 CDI","Pune",2013,85000,"Diesel","Automatic","First",11.74,2987,254.8,5,28
"Audi","Audi A4 2.0 TDI 177 Bhp Premium Plus","Kochi",2015,13648,"Diesel","Automatic","First",17.11,1968,174.33,5,21.43
"Mercedes-Benz","Mercedes-Benz New C-Class C 200 CGI Avantgarde","Delhi",2015,58000,"Petrol","Automatic","First",11.74,1796,186,5,26.7
"Mercedes-Benz","Mercedes-Benz C-Class Progressive C 220d","Coimbatore",2019,15369,"Diesel","Automatic","First",12.6,1950,194,5,35.67
"Audi","Audi A6 2.0 TDI Design Edition","Delhi",2014,56000,"Diesel","Automatic","Second",18.53,1968,187.74,5,29.5
"Audi","Audi A6 2011-2015 35 TDI Premium","Coimbatore",2018,48367,"Diesel","Automatic","First",17.68,1968,174.33,5,39.58
"Jaguar","Jaguar XF 3.0 Litre S Premium Luxury","Hyderabad",2011,78000,"Diesel","Automatic","Second",14.74,2993,270.9,5,24
"BMW","BMW 3 Series 320d Luxury Line","Mumbai",2015,56087,"Diesel","Automatic","First",22.69,1995,190,5,20.75
"Volvo","Volvo V40 Cross Country D3","Bangalore",2014,32700,"Diesel","Automatic","First",23.3,1984,150,5,20
"Mercedes-Benz","Mercedes-Benz SLC 43 AMG","Kolkata",2017,13372,"Petrol","Automatic","First",19,2996,362.07,2,54
"Audi","Audi RS5 Coupe","Mumbai",2013,23000,"Petrol","Automatic","First",11.05,2894,444,4,37
"BMW","BMW 3 Series Luxury Line","Mumbai",2014,48000,"Diesel","Automatic","First",21.76,1995,190,5,26.5
"Audi","Audi A4 2.0 TDI 177 Bhp Premium Plus","Coimbatore",2015,48214,"Diesel","Automatic","First",17.11,1968,174.33,5,23.32
"Mercedes-Benz","Mercedes-Benz S Class 2005 2013 S 500","Kolkata",2010,35277,"Petrol","Automatic","First",7.81,5461,362.9,5,30
"BMW","BMW X5 xDrive 30d","Mumbai",2015,41000,"Diesel","Automatic","First",15.3,2993,258,5,45
"Mercedes-Benz","Mercedes-Benz New C-Class C 220 CDI Style","Coimbatore",2017,23550,"Diesel","Automatic","First",19.27,2143,167.62,5,33.66
"Mercedes-Benz","Mercedes-Benz GLC 220","Bangalore",2016,44414,"Diesel","Automatic","First",17.9,2143,170,5,42.5
"Mini","Mini Countryman Cooper D","Jaipur",2017,8525,"Diesel","Automatic","Second",16.6,1998,112,5,23
"Audi","Audi A6 2011-2015 2.0 TDI Premium Plus","Mumbai",2014,40000,"Diesel","Automatic","First",17.68,1968,174.33,5,22.95
"BMW","BMW 5 Series 520d Luxury Line","Hyderabad",2014,51000,"Diesel","Automatic","First",22.48,1995,190,5,33.5
"Mercedes-Benz","Mercedes-Benz E-Class E250 CDI Avantgrade","Bangalore",2014,37382,"Diesel","Automatic","First",13,2143,201.1,5,32
"Land","Land Rover Range Rover 2.2L Dynamic","Coimbatore",2018,36091,"Diesel","Automatic","First",12.7,2179,187.7,5,55.76
"Audi","Audi Q3 2012-2015 35 TDI Quattro Premium Plus","Delhi",2015,64103,"Diesel","Automatic","First",15.73,1968,174.33,5,19.9
"Audi","Audi A8 L 3.0 TDI quattro","Delhi",2012,56000,"Diesel","Automatic","First",11.8,2967,246.7,5,45
"Skoda","Skoda Superb Style 1.8 TSI AT","Hyderabad",2017,26000,"Petrol","Automatic","First",14.67,1798,177.46,5,26
"Mercedes-Benz","Mercedes-Benz New C-Class C 220d Avantgarde Edition C","Coimbatore",2018,29161,"Diesel","Automatic","First",19.27,2143,167.62,5,39.41
"Mini","Mini Cooper Convertible S","Kochi",2017,26327,"Petrol","Automatic","First",16.82,1998,189.08,4,35.67
"Hyundai","Hyundai Tucson 2.0 e-VGT 2WD AT GLS","Kochi",2018,51346,"Diesel","Automatic","First",16.38,1995,183,5,21.99
"Mercedes-Benz","Mercedes-Benz GLE 350d","Coimbatore",2017,29819,"Diesel","Automatic","First",11.57,2987,254.79,5,61.29
"BMW","BMW X3 xDrive30d M Sport","Coimbatore",2017,51982,"Diesel","Automatic","First",16.55,2993,258,5,45.77
"Audi","Audi Q7 3.0 TDI Quattro Technology","Kochi",2018,11287,"Diesel","Automatic","First",12.07,2967,241.4,7,70.36
"BMW","BMW 5 Series 2003-2012 520d","Pune",2015,64000,"Diesel","Automatic","First",18.48,1995,177,5,28
"Toyota","Toyota Innova Crysta 2.4 ZX MT","Chennai",2016,48000,"Diesel","Manual","First",13.68,2393,147.8,7,20.25
"Audi","Audi A6 2011-2015 2.0 TDI Technology","Kochi",2015,31652,"Diesel","Automatic","First",17.68,1968,174.33,5,26.78
"Audi","Audi A6 2011-2015 2.0 TDI Premium Plus","Kochi",2014,61726,"Diesel","Automatic","First",17.68,1968,174.33,5,20.77
"Mercedes-Benz","Mercedes-Benz GLA Class 200 CDI SPORT","Delhi",2015,48000,"Diesel","Automatic","First",17.9,2143,136,5,20.26
"Mercedes-Benz","Mercedes-Benz GLE 250d","Hyderabad",2017,29000,"Diesel","Automatic","First",17.9,2143,201.15,5,57
"Land","Land Rover Range Rover HSE Dynamic","Delhi",2017,44000,"Diesel","Automatic","First",12.7,2179,187.7,5,44
"Audi","Audi A6 2011-2015 2.0 TDI Premium Plus","Kochi",2014,51495,"Diesel","Automatic","First",17.68,1968,174.33,5,21.95
"BMW","BMW 6 Series 640d Gran Coupe","Mumbai",2011,30000,"Diesel","Automatic","First",9.52,2993,313,4,49
"Audi","Audi Q7 45 TDI Quattro Technology","Coimbatore",2017,97430,"Diesel","Automatic","First",14.75,2967,245,7,62.67
"BMW","BMW 3 Series Luxury Line","Kochi",2015,30717,"Diesel","Automatic","Second",21.76,1995,190,5,25.99
"Jaguar","Jaguar XF 2.0 Diesel Portfolio","Hyderabad",2017,21000,"Diesel","Automatic","First",19.33,1999,177,5,52
"Skoda","Skoda Superb L&K 1.8 TSI AT","Kochi",2019,13747,"Petrol","Automatic","First",14.67,1798,177.46,5,27.3
"Mini","Mini Clubman Cooper S","Pune",2017,8350,"Petrol","Manual","First",13.8,1998,192,5,35
"Mercedes-Benz","Mercedes-Benz GLA Class 200 CDI","Chennai",2015,38000,"Diesel","Automatic","First",17.9,2143,136,5,20
"Mercedes-Benz","Mercedes-Benz New C-Class 220","Chennai",2014,25000,"Diesel","Manual","First",15.8,2148,170,5,26
"Mercedes-Benz","Mercedes-Benz E-Class 2009-2013 E250 CDI Avantgarde","Jaipur",2014,59364,"Diesel","Automatic","First",14.21,2143,203,5,26.5
"Mercedes-Benz","Mercedes-Benz E-Class 2015-2017 E250 Edition E","Bangalore",2017,33900,"Diesel","Automatic","First",15,2143,204,5,37
"Jaguar","Jaguar XE Portfolio","Mumbai",2017,9000,"Petrol","Automatic","First",13.5,1999,246.74,5,34.5
"Mini","Mini Cooper Convertible 1.6","Bangalore",2015,20000,"Petrol","Automatic","First",18.86,1598,122,4,32
"Mercedes-Benz","Mercedes-Benz S Class 2005 2013 S 350 CDI","Coimbatore",2017,56451,"Diesel","Automatic","First",13.5,2987,282,5,62.81
"Land","Land Rover Range Rover 2.2L Dynamic","Hyderabad",2012,56000,"Diesel","Automatic","First",12.7,2179,187.7,5,30
"Mercedes-Benz","Mercedes-Benz GL-Class 2007 2012 350 CDI Luxury","Pune",2010,85001,"Diesel","Automatic","Second",12,2987,224,7,28
"Mitsubishi","Mitsubishi Pajero Sport 4X2 AT DualTone BlackTop","Hyderabad",2018,12000,"Diesel","Automatic","First",13.5,2477,175.56,7,28
"Land","Land Rover Range Rover 2.2L Prestige","Coimbatore",2017,34990,"Diesel","Automatic","First",12.7,2179,187.7,5,53.83
"BMW","BMW 5 Series 525d Sedan","Hyderabad",2013,56000,"Diesel","Automatic","First",16.73,2993,218,5,33.5
"Jaguar","Jaguar XF Diesel","Bangalore",2013,75000,"Diesel","Automatic","First",14.74,2993,270.9,5,27.95
"Audi","Audi Q3 35 TDI Quattro Premium","Kochi",2017,37542,"Diesel","Automatic","First",15.73,1968,174.33,5,25.71
"Land","Land Rover Range Rover 2.2L Pure","Coimbatore",2014,95649,"Diesel","Automatic","First",12.7,2179,187.7,5,29.67
"BMW","BMW 3 Series Luxury Line","Mumbai",2015,41000,"Diesel","Automatic","First",21.76,1995,190,5,25.5
"Mercedes-Benz","Mercedes-Benz GLC 43 AMG Coupe","Coimbatore",2018,22397,"Petrol","Automatic","First",11.5,2996,367,5,70.99
"Audi","Audi A6 35 TFSI Matrix","Mumbai",2016,47000,"Petrol","Automatic","First",15.26,1798,187.74,5,24.5
"Mini","Mini Cooper Convertible S","Mumbai",2014,11900,"Petrol","Automatic","First",16.82,1998,189.08,4,28.5
"BMW","BMW 5 Series 2003-2012 GT 530d LE","Coimbatore",2011,57832,"Diesel","Automatic","First",16.2,2993,258,5,25.82
"Volvo","Volvo V40 D3","Bangalore",2015,33000,"Diesel","Automatic","Second",16.8,1984,150,5,22
"Audi","Audi Q5 30 TDI quattro Premium Plus","Bangalore",2014,38000,"Diesel","Automatic","Second",14.16,1968,174.3,5,39
"Audi","Audi Q3 35 TDI Quattro Premium Plus","Coimbatore",2016,86642,"Diesel","Automatic","First",15.17,1968,181,5,20.37
"BMW","BMW 3 Series Luxury Line","Bangalore",2016,19235,"Diesel","Automatic","First",21.76,1995,190,5,36.5
"Audi","Audi Q7 4.2 TDI Quattro Technology","Coimbatore",2016,51002,"Diesel","Automatic","First",11.33,4134,335.2,7,48.91
"Mercedes-Benz","Mercedes-Benz E-Class E 220 d","Kochi",2018,26405,"Petrol","Automatic","First",12.6,1950,191.34,5,51.43
"Mercedes-Benz","Mercedes-Benz New C-Class 220 CDI MT","Chennai",2014,45000,"Diesel","Manual","First",15.8,2148,170,5,23
"Land","Land Rover Range Rover Evoque 2.0 TD4 Pure","Delhi",2015,24000,"Diesel","Automatic","Second",15.68,1999,177,5,33.5
"Toyota","Toyota Fortuner 4x4 MT","Coimbatore",2017,47198,"Diesel","Manual","First",12.55,2982,168.5,7,28.42
"Mercedes-Benz","Mercedes-Benz GLS 350d 4MATIC","Pune",2017,129000,"Diesel","Automatic","First",11,2987,258,7,56
"Toyota","Toyota Fortuner 4x4 AT","Delhi",2017,25000,"Diesel","Automatic","First",12.55,2982,168.5,7,32
"BMW","BMW X5 xDrive 30d","Hyderabad",2011,75000,"Diesel","Automatic","First",11.7,2993,245,5,27.5
"Land","Land Rover Range Rover HSE Dynamic","Coimbatore",2017,49275,"Diesel","Automatic","First",12.7,2179,187.7,5,45.64
"Audi","Audi A6 2011-2015 35 TDI Technology","Coimbatore",2017,41041,"Diesel","Automatic","First",17.68,1968,174.33,5,37.56
"Mercedes-Benz","Mercedes-Benz New C-Class Progressive C 200","Kochi",2019,13190,"Petrol","Automatic","First",11.9,1950,181.43,5,38.99
"BMW","BMW X1 sDrive 20d xLine","Coimbatore",2017,31645,"Diesel","Automatic","First",20.68,1995,190,5,29.4
"Audi","Audi TT 2.0 TFSI","Delhi",2013,12100,"Petrol","Automatic","First",9.9,1984,207.8,2,29.5
"BMW","BMW 3 Series 320d Luxury Line","Bangalore",2014,47000,"Diesel","Automatic","First",18.88,1995,184,5,25.5
"Jaguar","Jaguar XF 2.2 Litre Luxury","Kochi",2015,37340,"Diesel","Automatic","First",16.36,2179,187.7,5,29.98
"BMW","BMW X1 sDrive 20d Sportline","Chennai",2016,21000,"Diesel","Automatic","First",17.05,1995,184,5,33
"Audi","Audi Q7 4.2 TDI Quattro Technology","Kochi",2014,79926,"Diesel","Automatic","First",11.33,4134,335.2,7,29.77
"BMW","BMW X5 2014-2019 xDrive 30d Design Pure Experience 7 Seater","Mumbai",2014,19000,"Diesel","Automatic","First",15.97,2993,258,7,44
"Audi","Audi A6 2011-2015 35 TFSI Technology","Kochi",2016,58953,"Petrol","Automatic","First",13.53,1984,177.01,5,24.22
"Jaguar","Jaguar XF 2.2 Litre Executive","Delhi",2016,10000,"Diesel","Automatic","First",16.36,2179,187.7,5,44
"Toyota","Toyota Innova Crysta 2.8 ZX AT","Coimbatore",2019,40674,"Diesel","Automatic","First",11.36,2755,171.5,7,24.82
"Toyota","Toyota Corolla Altis VL AT","Bangalore",2018,1331,"Petrol","Automatic","First",14.28,1798,138.03,5,20
"Mercedes-Benz","Mercedes-Benz GLC 220d 4MATIC Style","Mumbai",2018,10003,"Diesel","Automatic","First",17.9,2143,170,5,48.5
"BMW","BMW 5 Series 2013-2017 530d M Sport","Coimbatore",2016,20967,"Diesel","Automatic","First",14.69,2993,258,5,44.56
"Toyota","Toyota Fortuner 4x2 Manual","Hyderabad",2014,107825,"Diesel","Manual","First",13,2982,168.5,7,20.5
"Mini","Mini Cooper 5 DOOR D","Mumbai",2016,11000,"Diesel","Automatic","First",20.7,1496,113.98,5,29.5
"Audi","Audi Q3 35 TDI Quattro Premium","Hyderabad",2015,61000,"Diesel","Automatic","First",15.73,1968,174.33,5,25
"BMW","BMW 5 Series 2013-2017 520d Luxury Line","Coimbatore",2016,19658,"Diesel","Automatic","First",18.12,1995,190,5,35.84
"BMW","BMW 3 Series 320d Highline","Bangalore",2014,69330,"Diesel","Automatic","First",16.07,1995,181,5,23.5
"Mercedes-Benz","Mercedes-Benz New C-Class C 250 CDI Avantgarde","Coimbatore",2017,25559,"Diesel","Automatic","First",19.71,2143,201.15,5,37.93
"Toyota","Toyota Fortuner 4x2 4 Speed AT","Jaipur",2015,94000,"Diesel","Automatic","First",11.5,2982,169,7,20.5
"Jaguar","Jaguar XJ 2.0L Portfolio","Mumbai",2017,10501,"Petrol","Automatic","First",9.43,1999,237.4,5,75
"Audi","Audi A6 2011-2015 2.0 TDI Premium Plus","Coimbatore",2014,49964,"Diesel","Automatic","First",17.68,1968,174.33,5,23.89
"Mercedes-Benz","Mercedes-Benz SLK-Class SLK 350","Coimbatore",2016,22732,"Petrol","Automatic","First",18.1,3498,306,2,55.54
"Audi","Audi A6 2.0 TDI Design Edition","Hyderabad",2014,48000,"Diesel","Automatic","First",18.53,1968,187.74,5,29
"Ford","Ford Endeavour 3.2 Trend AT 4X4","Coimbatore",2017,50484,"Diesel","Automatic","First",10.91,3198,197.2,7,31.12
"Audi","Audi Q5 2008-2012 2.0 TDI","Kochi",2013,13452,"Diesel","Automatic","First",12.8,1968,167.6,5,25.46
"Mercedes-Benz","Mercedes-Benz E-Class 2015-2017 E250 CDI Avantgarde","Chennai",2017,34000,"Diesel","Automatic","First",13,2143,204,5,36
"Mercedes-Benz","Mercedes-Benz M-Class ML 350 4Matic","Pune",2014,120000,"Diesel","Automatic","First",13.51,2987,165,5,30
"BMW","BMW X5 xDrive 30d Design Pure Experience 5 Seater","Hyderabad",2015,69000,"Diesel","Automatic","First",15.97,2993,258,5,54
"Audi","Audi Q7 3.0 TDI Quattro Premium Plus","Coimbatore",2015,46983,"Diesel","Automatic","Second",12.07,2967,241.4,7,43.35
"BMW","BMW 3 Series 320d Luxury Plus","Ahmedabad",2015,100000,"Diesel","Automatic","First",18.88,1995,184,5,24.75
"BMW","BMW 3 Series 320d Luxury Line","Kochi",2015,58390,"Diesel","Automatic","First",18.88,1995,184,5,19.86
"Mini","Mini Cooper 5 DOOR D","Hyderabad",2014,60000,"Diesel","Automatic","Second",20.7,1496,113.98,5,23.5
"Jaguar","Jaguar XF 2.2 Litre Luxury","Coimbatore",2016,47877,"Diesel","Automatic","First",16.36,2179,187.7,5,35.68
"Mercedes-Benz","Mercedes-Benz E-Class 2015-2017 E250 Edition E","Kochi",2017,43368,"Diesel","Automatic","First",15,2143,204,5,31.94
"BMW","BMW 3 Series 320d Luxury Line","Coimbatore",2016,14351,"Diesel","Automatic","First",18.88,1995,184,5,35.55
"Mercedes-Benz","Mercedes-Benz New C-Class C 220d Avantgarde Edition C","Coimbatore",2018,36797,"Diesel","Automatic","First",19.27,2143,167.62,5,39.47
"Audi","Audi Q3 2012-2015 35 TDI Quattro Premium Plus","Bangalore",2015,76927,"Diesel","Automatic","First",15.73,1968,174.33,5,22.75
"Mercedes-Benz","Mercedes-Benz SLK-Class SLK 350","Bangalore",2015,10000,"Petrol","Automatic","First",18.1,3498,306,2,55
"Mercedes-Benz","Mercedes-Benz GLE 250d","Mumbai",2016,21000,"Diesel","Automatic","First",17.9,2143,201.15,5,56
"Ford","Ford Endeavour 3.2 Titanium AT 4X4","Coimbatore",2017,59636,"Diesel","Automatic","First",10.91,3198,197,7,29.2
"BMW","BMW 5 Series 2003-2012 530d Highline","Coimbatore",2013,108640,"Diesel","Automatic","First",11.5,2993,235,5,23.29
"BMW","BMW 3 Series 320d M Sport","Mumbai",2016,38000,"Diesel","Automatic","First",22.69,1995,190,5,23.99
"BMW","BMW X5 2014-2019 xDrive 30d Design Pure Experience 7 Seater","Mumbai",2014,47000,"Diesel","Automatic","First",15.97,2993,258,7,41.5
"Jaguar","Jaguar XF 2.2 Litre Luxury","Coimbatore",2015,44194,"Diesel","Automatic","First",16.36,2179,187.7,5,32.8
"Mercedes-Benz","Mercedes-Benz E-Class Facelift","Coimbatore",2018,56652,"Diesel","Automatic","First",13,2987,258,5,50.29
"Toyota","Toyota Fortuner 4x2 AT","Coimbatore",2015,101337,"Diesel","Automatic","First",12.55,2982,168.5,7,21.67
"Toyota","Toyota Innova Crysta 2.8 ZX AT","Kochi",2018,41736,"Diesel","Automatic","First",11.36,2755,171.5,7,19.92
"Audi","Audi TT 40 TFSI","Kolkata",2012,7000,"Petrol","Automatic","First",14.33,1984,226.6,4,35
"Mercedes-Benz","Mercedes-Benz E-Class E250 CDI Avantgrade","Kochi",2015,42076,"Diesel","Automatic","First",13,2143,201.1,5,21.8
"Toyota","Toyota Camry Hybrid","Pune",2018,17000,"Petrol","Automatic","First",19.16,2494,158.2,5,32
"Audi","Audi A6 2011-2015 2.0 TDI","Hyderabad",2013,70181,"Diesel","Automatic","First",17.68,1968,174.33,5,23.99
"Mercedes-Benz","Mercedes-Benz New C-Class C 220 CDI Style","Jaipur",2016,58205,"Diesel","Automatic","First",19.27,2143,167.62,5,27
"Audi","Audi Q5 30 TDI quattro Premium","Coimbatore",2017,40318,"Diesel","Automatic","First",14.16,1968,174.3,5,43.74
"Audi","Audi Q3 2.0 TDI","Chennai",2014,60000,"Diesel","Automatic","First",15.73,1968,174.33,5,20
"BMW","BMW X5 2014-2019 xDrive 30d Design Pure Experience 7 Seater","Hyderabad",2016,76000,"Diesel","Automatic","First",15.97,2993,258,7,58
"Jaguar","Jaguar XF Diesel","Kolkata",2012,43510,"Diesel","Automatic","First",14.74,2993,270.9,5,20.5
"Jeep","Jeep Compass 2.0 Limited 4X4","Mumbai",2017,52000,"Diesel","Manual","First",16.3,1956,170,5,20
"Land","Land Rover Range Rover Evoque 2.0 TD4 HSE Dynamic","Kochi",2018,31427,"Diesel","Automatic","First",15.68,1999,177,5,59.72
"Mercedes-Benz","Mercedes-Benz New C-Class C 220d Avantgarde Edition C","Pune",2015,50000,"Diesel","Automatic","First",19.27,2143,167.62,5,30
"Mercedes-Benz","Mercedes-Benz C-Class Progressive C 220d","Mumbai",2018,8682,"Diesel","Automatic","First",12.6,1950,194,5,39.5
"Mercedes-Benz","Mercedes-Benz CLA 200 CDI Sport","Coimbatore",2017,13689,"Diesel","Automatic","First",17.9,2143,136,5,28.25
"Ford","Ford Endeavour 2.2 Trend AT 4X2","Kochi",2019,11209,"Diesel","Automatic","First",12.62,2198,158,7,31.15
"Mercedes-Benz","Mercedes-Benz GL-Class 350 CDI Blue Efficiency","Delhi",2014,85000,"Diesel","Automatic","First",11.3,2987,254.8,7,38.75
"Jaguar","Jaguar XF 2.2 Litre Luxury","Delhi",2014,48000,"Diesel","Automatic","First",16.36,2179,187.7,5,26.5
"Land","Land Rover Range Rover TDV8 (Diesel)","Bangalore",2011,55000,"Diesel","Automatic","First",10.2,4367,308,7,67
"Audi","Audi A4 35 TDI Technology","Hyderabad",2015,45000,"Diesel","Automatic","First",18.25,1968,187.74,5,25
"Toyota","Toyota Innova Crysta 2.8 ZX AT","Bangalore",2016,108000,"Diesel","Automatic","First",11.36,2755,171.5,7,20.5
"Ford","Ford Endeavour 3.2 Titanium AT 4X4","Hyderabad",2016,68000,"Diesel","Automatic","First",10.91,3198,197,7,29.5
"Porsche","Porsche Boxster S tiptronic","Kolkata",2015,10512,"Petrol","Automatic","First",8.6,2706,265,2,64
"Jaguar","Jaguar XF 3.0 Litre S Premium Luxury","Kolkata",2012,29000,"Diesel","Automatic","First",14.74,2993,270.9,5,20
"Audi","Audi Q7 4.2 TDI Quattro Technology","Bangalore",2014,50000,"Diesel","Automatic","First",11.33,4134,335.2,7,51
"Audi","Audi Q7 3.0 TDI Quattro Premium Plus","Coimbatore",2015,53735,"Diesel","Automatic","Second",12.07,2967,241.4,7,38.94
"BMW","BMW 5 Series 2013-2017 525d Luxury Line","Bangalore",2013,58500,"Diesel","Automatic","Second",17.09,1995,218,5,27.5
"Mercedes-Benz","Mercedes-Benz E-Class E 220 d","Kochi",2018,20446,"Petrol","Automatic","First",12.6,1950,191.34,5,51.35
"Mini","Mini Cooper 5 DOOR D","Ahmedabad",2014,34000,"Diesel","Automatic","First",20.7,1496,113.98,5,22
"Mercedes-Benz","Mercedes-Benz E-Class 2009-2013 E 220 CDI Avantgarde","Hyderabad",2013,34700,"Diesel","Automatic","First",10,2148,170,5,24.5
"BMW","BMW 5 Series 2013-2017 530d M Sport","Bangalore",2015,16900,"Diesel","Automatic","First",14.69,2993,258,5,44
"Toyota","Toyota Innova Crysta 2.8 ZX AT","Hyderabad",2016,69000,"Diesel","Automatic","First",11.36,2755,171.5,7,19.75
"Mercedes-Benz","Mercedes-Benz E-Class 2009-2013 E 200 CGI Avantgarde","Kochi",2016,35939,"Petrol","Manual","First",12.3,1796,185,5,30.42
"Volvo","Volvo S60 D4 Momentum","Hyderabad",2015,51000,"Diesel","Automatic","First",27.03,1969,190,5,25
"Mercedes-Benz","Mercedes-Benz E-Class 2015-2017 E350 CDI Avantgrade","Mumbai",2017,15000,"Diesel","Automatic","First",13,2987,265,5,69.5
"Toyota","Toyota Innova Crysta 2.4 VX MT","Hyderabad",2017,24393,"Diesel","Manual","First",13.68,2393,147.8,7,20.4
"Audi","Audi Q7 35 TDI Quattro Premium Plus","Mumbai",2015,65938,"Diesel","Automatic","Second",12.07,2967,241.4,7,38
"BMW","BMW 5 Series 2013-2017 520d Luxury Line","Ahmedabad",2014,35000,"Diesel","Automatic","Second",18.12,1995,190,5,23
"Mercedes-Benz","Mercedes-Benz E-Class 2015-2017 E250 CDI Avantgarde","Kochi",2017,36884,"Diesel","Automatic","First",13,2143,204,5,32.25
"Audi","Audi Q3 2.0 TDI Quattro","Hyderabad",2013,60000,"Diesel","Automatic","First",17.32,1968,184,5,21
"Jaguar","Jaguar XE 2.0L Diesel Prestige","Delhi",2018,1000,"Diesel","Automatic","First",13.6,1999,177,5,40
"Toyota","Toyota Camry 2.5 Hybrid","Pune",2018,17585,"Petrol","Automatic","First",19.16,2494,157.7,5,32
"Audi","Audi Q5 3.0 TDI Quattro","Coimbatore",2018,32496,"Diesel","Automatic","First",13.22,2967,241.4,5,45.62
"Mercedes-Benz","Mercedes-Benz E-Class E250 CDI Avantgrade","Delhi",2014,40000,"Diesel","Automatic","First",13,2143,201.1,5,24
"Mercedes-Benz","Mercedes-Benz New C-Class C 220 CDI Avantgarde","Bangalore",2016,51944,"Diesel","Automatic","First",19.27,2143,170,5,32.5
"Audi","Audi TT 2.0 TFSI","Kochi",2014,14262,"Petrol","Automatic","First",9.9,1984,207.8,2,27.35
"Land","Land Rover Discovery 4 TDV6 SE","Delhi",2013,65000,"Diesel","Automatic","Second",11.8,2993,180,7,34
"Audi","Audi A6 2011-2015 2.0 TDI Premium Plus","Kochi",2014,57456,"Diesel","Automatic","First",17.68,1968,174.33,5,21.56
"BMW","BMW 5 Series 520d Luxury Line","Coimbatore",2012,44450,"Diesel","Automatic","First",22.48,1995,190,5,24.68
"BMW","BMW X1 M Sport sDrive 20d","Mumbai",2016,31000,"Diesel","Automatic","First",17.05,1995,190,5,29.5
"Mercedes-Benz","Mercedes-Benz M-Class ML 350 4Matic","Bangalore",2014,33000,"Diesel","Automatic","Second",13.51,2987,165,5,43
"Audi","Audi Q7 45 TDI Quattro Technology","Mumbai",2016,20002,"Diesel","Automatic","First",14.75,2967,245,7,67
"BMW","BMW 3 Series 320d Sport Line","Hyderabad",2015,10000,"Diesel","Automatic","First",18.88,1995,184,5,30
"Land","Land Rover Range Rover 3.6 TDV8 Vogue SE Diesel","Bangalore",2012,66538,"Diesel","Automatic","First",10.2,4367,308,7,70
"Mercedes-Benz","Mercedes-Benz E-Class 2015-2017 E350 Edition E","Jaipur",2015,41493,"Diesel","Automatic","First",13,2987,265,5,42
"BMW","BMW 5 Series 520d Sport Line","Kochi",2019,18373,"Diesel","Automatic","First",22.48,1995,187.74,5,45.86
"BMW","BMW 3 Series 320d Luxury Line","Hyderabad",2013,30000,"Diesel","Automatic","First",18.88,1995,184,5,22
"BMW","BMW X5 2014-2019 xDrive 30d Design Pure Experience 7 Seater","Kochi",2016,35659,"Diesel","Automatic","First",15.97,2993,258,7,43.78
"Audi","Audi A7 2011-2015 3.0 TDI Quattro","Mumbai",2011,42000,"Diesel","Automatic","First",14.4,2967,241.4,5,28.75
"Mercedes-Benz","Mercedes-Benz GLA Class 200 CDI SPORT","Pune",2017,50000,"Diesel","Automatic","First",17.9,2143,136,5,25
"Toyota","Toyota Innova Crysta 2.4 VX MT","Kochi",2018,8899,"Diesel","Manual","First",13.68,2393,147.8,7,19.92
"Ford","Ford Endeavour 3.2 Trend AT 4X4","Kochi",2018,30552,"Diesel","Automatic","First",10.91,3198,197.2,7,32.44
"Mercedes-Benz","Mercedes-Benz New C-Class C 220CDIBE Avantgarde Command","Hyderabad",2014,51355,"Diesel","Automatic","First",14.84,2143,170,5,27
"Audi","Audi Q3 2.0 TDI Quattro","Ahmedabad",2016,45000,"Diesel","Automatic","First",17.32,1968,184,5,27
"Audi","Audi Q5 2.0 TDI Premium Plus","Hyderabad",2016,43000,"Diesel","Automatic","First",14.16,1968,174.3,5,39.5
"Mini","Mini Cooper Countryman D","Hyderabad",2013,51000,"Diesel","Automatic","First",23.8,1998,112,5,21.94
"Mercedes-Benz","Mercedes-Benz S Class 2005 2013 320 CDI","Chennai",2009,42000,"Diesel","Automatic","Second",13,2987,210,5,22
"Jaguar","Jaguar XJ 3.0L Portfolio LWB","Kochi",2016,17652,"Diesel","Automatic","First",12.9,2993,270.88,5,58.73
"Land","Land Rover Range Rover Sport SE","Kochi",2019,26013,"Diesel","Automatic","First",12.65,2993,255,5,97.07
"BMW","BMW X3 xDrive20d","Coimbatore",2014,41089,"Diesel","Automatic","First",16.09,1995,184,5,28.79
"Land","Land Rover Range Rover 2.2L Pure","Bangalore",2014,56000,"Diesel","Automatic","First",12.7,2179,187.7,5,34.5
"Toyota","Toyota Fortuner 4x4 MT","Hyderabad",2018,39927,"Diesel","Manual","First",12.55,2982,168.5,7,32.1
"Toyota","Toyota Innova Crysta 2.4 VX MT 8S","Coimbatore",2019,11241,"Diesel","Manual","First",13.68,2393,147.8,8,22.55
"Audi","Audi Q5 2008-2012 3.0 TDI","Chennai",2014,25000,"Diesel","Automatic","First",12.19,2967,236,5,44
"Mercedes-Benz","Mercedes-Benz GL-Class 2007 2012 350 CDI Luxury","Bangalore",2014,52000,"Diesel","Automatic","First",12,2987,224,7,49
"Mini","Mini Cooper 3 DOOR D","Mumbai",2016,20000,"Diesel","Automatic","First",20.7,1496,113.98,4,23.5
"Mercedes-Benz","Mercedes-Benz E-Class 2009-2013 E250 CDI Elegance","Coimbatore",2016,38730,"Diesel","Automatic","First",14.21,2143,203,5,29.98
"Audi","Audi Q7 35 TDI Quattro Technology","Bangalore",2015,21000,"Diesel","Automatic","First",12.07,2967,241.4,7,48
"Land","Land Rover Discovery Sport TD4 HSE 7S","Mumbai",2017,40000,"Diesel","Automatic","First",12.81,1999,148.31,7,41.5
"Volkswagen","Volkswagen Tiguan 2.0 TDI Highline","Jaipur",2017,50510,"Diesel","Automatic","First",17.06,1968,141,5,24.9
"Mercedes-Benz","Mercedes-Benz E-Class E250 CDI Avantgrade","Mumbai",2014,46000,"Diesel","Automatic","First",13,2143,201.1,5,23.25
"Audi","Audi Q7 45 TDI Quattro Premium Plus","Kochi",2019,6773,"Diesel","Automatic","First",14.75,2967,245,7,72.94
"BMW","BMW X1 M Sport sDrive 20d","Kochi",2017,32838,"Diesel","Automatic","First",17.05,1995,190,5,30.29
"Audi","Audi A4 35 TDI Premium","Coimbatore",2016,68193,"Diesel","Automatic","First",17.11,1968,174.33,5,24.74
"Mercedes-Benz","Mercedes-Benz GL-Class 2007 2012 350 CDI Luxury","Delhi",2013,46000,"Diesel","Automatic","First",12,2987,224,7,36
"Jaguar","Jaguar XE 2.0L Diesel Prestige","Hyderabad",2017,4000,"Diesel","Automatic","First",13.6,1999,177,5,38
"Mercedes-Benz","Mercedes-Benz E-Class 2015-2017 E250 CDI Avantgarde","Mumbai",2014,52000,"Diesel","Automatic","First",13,2143,204,5,24.5
"Audi","Audi Q5 3.0 TDI Quattro Technology","Mumbai",2015,11964,"Diesel","Automatic","First",13.22,2967,241.4,5,32.95
"Mercedes-Benz","Mercedes-Benz New C-Class C 220 CDI Elegance AT","Coimbatore",2017,32642,"Diesel","Automatic","First",14.84,2143,170,5,34.78
"BMW","BMW 5 Series 520d Luxury Line","Kochi",2018,32586,"Diesel","Automatic","First",22.48,1995,190,5,37.3
"Mercedes-Benz","Mercedes-Benz GLE 350d","Coimbatore",2018,40129,"Diesel","Automatic","First",11.57,2987,254.79,5,70.8
"Mercedes-Benz","Mercedes-Benz M-Class ML 350 CDI","Mumbai",2012,51000,"Diesel","Automatic","First",11.74,2987,254.8,5,22.25
"BMW","BMW 3 Series 320d GT Luxury Line","Mumbai",2015,32500,"Diesel","Automatic","First",19.59,1995,187.74,5,26.75
"Audi","Audi Q3 35 TDI Quattro Premium Plus","Coimbatore",2016,58661,"Diesel","Automatic","First",15.17,1968,181,5,28.03
"Ford","Ford Endeavour 3.2 Titanium AT 4X4","Delhi",2017,38000,"Diesel","Automatic","First",10.91,3198,197,7,30.48
"BMW","BMW X6 xDrive 40d","Hyderabad",2013,58000,"Diesel","Automatic","First",11.2,2993,306,4,48
"Porsche","Porsche Cayenne Diesel","Mumbai",2013,70000,"Diesel","Automatic","First",15.15,2967,240,5,40
"BMW","BMW 5 Series 2013-2017 520d Luxury Line","Coimbatore",2016,63111,"Diesel","Automatic","Second",18.12,1995,190,5,30.8
"Mercedes-Benz","Mercedes-Benz M-Class ML 350 4Matic","Pune",2015,69000,"Diesel","Automatic","First",13.51,2987,165,5,38
"Mercedes-Benz","Mercedes-Benz E-Class 2009-2013 E250 CDI Elegance","Bangalore",2013,29000,"Diesel","Automatic","First",14.21,2143,203,5,29
"Audi","Audi A4 2.0 TDI 177 Bhp Premium Plus","Bangalore",2014,21000,"Diesel","Automatic","First",17.11,1968,174.33,5,24.5
"Mercedes-Benz","Mercedes-Benz M-Class ML 350 CDI","Hyderabad",2012,83000,"Diesel","Automatic","First",11.74,2987,254.8,5,36
"Audi","Audi Q5 2.0 TDI","Hyderabad",2015,56000,"Diesel","Automatic","First",14.16,1968,174.3,5,35
"BMW","BMW X1 xDrive 20d xLine","Mumbai",2016,7000,"Diesel","Automatic","First",20.68,1995,190,5,27.75
"Mercedes-Benz","Mercedes-Benz GLE 350d","Coimbatore",2017,33552,"Diesel","Automatic","First",11.57,2987,254.79,5,64.87
"BMW","BMW 5 Series 2013-2017 520d Luxury Line","Jaipur",2017,19543,"Diesel","Automatic","First",18.12,1995,190,5,40.5
"Audi","Audi Q5 30 TDI quattro Premium Plus","Bangalore",2014,38000,"Diesel","Automatic","Second",14.16,1968,174.3,5,38.95
"Mercedes-Benz","Mercedes-Benz GLS 350d Grand Edition","Delhi",2018,6000,"Diesel","Automatic","First",11,2987,258,7,79
"Audi","Audi A7 2011-2015 3.0 TDI Quattro","Kochi",2014,60336,"Diesel","Automatic","Second",14.4,2967,241.4,5,24.94
"Toyota","Toyota Fortuner 2.8 2WD AT","Ahmedabad",2017,15000,"Diesel","Automatic","First",12.9,2755,174.5,7,30
"Audi","Audi A6 2011-2015 2.0 TDI","Kochi",2014,62012,"Diesel","Automatic","First",17.68,1968,174.33,5,20.12
"BMW","BMW 5 Series 2013-2017 530d M Sport","Coimbatore",2017,27313,"Diesel","Automatic","First",14.69,2993,258,5,48.63
"Audi","Audi Q5 30 TDI quattro Premium Plus","Coimbatore",2015,42747,"Diesel","Automatic","Second",14.16,1968,174.3,5,39.47
"BMW","BMW X1 sDrive 20d xLine","Coimbatore",2015,42265,"Diesel","Automatic","Second",20.68,1995,190,5,22.24
"BMW","BMW X5 xDrive 30d","Mumbai",2012,66000,"Diesel","Automatic","First",15.3,2993,258,5,21
"Mercedes-Benz","Mercedes-Benz E-Class 2009-2013 E 220 CDI Avantgarde","Mumbai",2013,45200,"Diesel","Automatic","First",10,2148,170,5,23
"Mercedes-Benz","Mercedes-Benz New C-Class 220 CDI AT","Coimbatore",2017,32324,"Diesel","Automatic","First",14.84,2143,170,5,30.5
"Audi","Audi A3 35 TDI Technology","Delhi",2017,22000,"Diesel","Automatic","Second",20.38,1968,143,5,22.5
"Mercedes-Benz","Mercedes-Benz GLA Class 200 d Sport","Pune",2017,35000,"Diesel","Automatic","First",17.9,2143,136,5,23.5
"Toyota","Toyota Fortuner 4x4 AT","Kochi",2018,37713,"Diesel","Automatic","Second",12.55,2982,168.5,7,31.62
"BMW","BMW 7 Series 740Li","Coimbatore",2018,28060,"Petrol","Automatic","First",12.05,2979,320,5,93.67
"Mercedes-Benz","Mercedes-Benz New C-Class C 220 CDI Elegance AT","Hyderabad",2013,21000,"Diesel","Automatic","First",14.84,2143,170,5,23.5
"BMW","BMW 7 Series 740Li","Bangalore",2017,17465,"Petrol","Automatic","First",12.05,2979,320,5,93
"BMW","BMW 3 Series 320d Sport","Chennai",2014,48000,"Diesel","Automatic","First",22.69,1995,190,5,21.6
"Mercedes-Benz","Mercedes-Benz GL-Class 2007 2012 350 CDI Luxury","Pune",2014,79000,"Diesel","Automatic","First",12,2987,224,7,41
"BMW","BMW X1 sDrive 20d xLine","Bangalore",2016,28143,"Diesel","Automatic","First",20.68,1995,190,5,28.5
"Jaguar","Jaguar XF 2.2 Litre Luxury","Mumbai",2013,31400,"Diesel","Automatic","First",16.36,2179,187.7,5,26.75
"Audi","Audi Q5 2008-2012 2.0 TDI","Bangalore",2011,53000,"Diesel","Automatic","First",12.8,1968,167.6,5,23
"Mercedes-Benz","Mercedes-Benz E-Class 2009-2013 E 200 CGI Elegance","Bangalore",2011,25000,"Petrol","Automatic","Second",12.3,1796,185,5,22
"BMW","BMW 7 Series 730Ld Eminence","Kochi",2015,29966,"Diesel","Automatic","Second",16.77,2993,261.49,5,43.6
"Audi","Audi A4 2.0 TDI 177 Bhp Technology Edition","Bangalore",2014,24000,"Diesel","Automatic","First",17.11,1968,174.33,5,25
"Mini","Mini Cooper 5 DOOR D","Hyderabad",2017,2000,"Diesel","Automatic","First",20.7,1496,113.98,5,34
"BMW","BMW X3 xDrive20d Expedition","Bangalore",2015,65000,"Diesel","Automatic","Second",18.56,1995,190,5,29
"BMW","BMW 6 Series 640d Coupe","Mumbai",2013,30000,"Diesel","Automatic","First",9.52,2993,313,4,45
"Mercedes-Benz","Mercedes-Benz SLC 43 AMG","Coimbatore",2019,2526,"Petrol","Automatic","First",19,2996,362.07,2,83.96
"Mercedes-Benz","Mercedes-Benz E-Class E 220 d","Hyderabad",2013,85000,"Diesel","Automatic","First",16.1,1950,194,5,21
"Porsche","Porsche Cayenne Turbo S","Mumbai",2010,35000,"Petrol","Automatic","Second",11.9,4806,550,5,32
"Toyota","Toyota Fortuner 4x2 MT TRD Sportivo","Hyderabad",2015,19317,"Diesel","Manual","First",13,2982,168.7,7,24.5
"Mercedes-Benz","Mercedes-Benz GLE 250d","Kochi",2017,25601,"Diesel","Automatic","First",17.9,2143,201.15,5,56.73
"Audi","Audi A4 35 TDI Premium","Hyderabad",2015,50000,"Diesel","Automatic","First",17.11,1968,174.33,5,25
"Mercedes-Benz","Mercedes-Benz New C-Class C 220d Avantgarde Edition C","Coimbatore",2018,24465,"Diesel","Automatic","First",19.27,2143,167.62,5,39.45
"Audi","Audi Q7 3.0 TDI Quattro Technology","Hyderabad",2012,88000,"Diesel","Automatic","First",12.07,2967,241.4,7,36.5
"Toyota","Toyota Fortuner 2.8 2WD AT","Pune",2017,29000,"Diesel","Automatic","First",12.9,2755,174.5,7,31
"Land","Land Rover Range Rover Evoque 2.0 TD4 Pure","Kochi",2016,29022,"Diesel","Automatic","Second",15.68,1999,177,5,34.08
"Ford","Ford Endeavour 2.2 Titanium AT 4X2","Hyderabad",2018,14000,"Diesel","Automatic","First",12.62,2198,158,7,31.99
"Mercedes-Benz","Mercedes-Benz New C-Class C 250 CDI Avantgarde","Mumbai",2017,14470,"Diesel","Automatic","First",19.71,2143,201.15,5,38.5
"Jaguar","Jaguar XF 2.2 Litre Luxury","Kochi",2016,13418,"Diesel","Automatic","First",16.36,2179,187.7,5,33.63
"Audi","Audi A6 2011-2015 2.0 TDI Premium Plus","Coimbatore",2014,66882,"Diesel","Automatic","First",17.68,1968,174.33,5,25.02
"Land","Land Rover Discovery HSE Luxury 3.0 TD6","Mumbai",2017,35000,"Diesel","Automatic","First",18,2993,255,7,41.6
"Toyota","Toyota Fortuner 2.8 4WD MT","Bangalore",2015,150386,"Diesel","Manual","First",14.24,2755,174.5,7,23
"Mercedes-Benz","Mercedes-Benz E-Class E250 CDI Launch Edition","Kochi",2016,46936,"Diesel","Automatic","First",13,2143,204,5,29.6
"Volvo","Volvo S60 D4 SUMMUM","Coimbatore",2016,42259,"Diesel","Automatic","First",9,1984,181,5,24.36
"Toyota","Toyota Camry Hybrid","Delhi",2015,25000,"Petrol","Automatic","First",19.16,2494,158.2,5,25
"BMW","BMW 5 Series 2013-2017 520d M Sport","Pune",2018,7000,"Diesel","Automatic","First",18.12,1995,190,5,46
"Toyota","Toyota Fortuner 4x2 Manual","Hyderabad",2015,73500,"Diesel","Manual","First",13,2982,168.5,7,22
"Toyota","Toyota Innova Crysta 2.8 ZX AT","Hyderabad",2017,35358,"Diesel","Automatic","First",11.36,2755,171.5,7,22.99
"Audi","Audi A4 2.0 TDI","Hyderabad",2014,60000,"Diesel","Automatic","First",16.55,1968,147.51,5,24
"Mercedes-Benz","Mercedes-Benz M-Class ML 250 CDI","Mumbai",2016,52000,"Diesel","Automatic","First",15.26,2143,203.2,5,35
"Mercedes-Benz","Mercedes-Benz M-Class ML 350 CDI Corporate","Coimbatore",2012,63888,"Diesel","Automatic","First",14,2987,224,5,22.58
"Hyundai","Hyundai Santa Fe 4WD AT","Bangalore",2015,59000,"Diesel","Automatic","First",13.01,2199,194.3,7,21
"Land","Land Rover Range Rover 2.2L Prestige","Coimbatore",2014,64557,"Diesel","Automatic","Second",12.7,2179,187.7,5,29.93
"Mini","Mini Cooper Countryman D High","Mumbai",2015,34000,"Diesel","Automatic","First",23.8,1998,112,5,22
"BMW","BMW X6 xDrive30d","Jaipur",2013,45306,"Diesel","Automatic","Second",11.2,2993,241,4,42.5
"Audi","Audi A6 3.0 TDI quattro","Bangalore",2011,50000,"Diesel","Automatic","Third",16.77,2967,241.38,5,21
"BMW","BMW X1 sDrive 20d Sportline","Delhi",2015,49000,"Diesel","Automatic","First",17.05,1995,184,5,22.99
"Land","Land Rover Range Rover Sport 2005 2012 HSE","Hyderabad",2010,45000,"Diesel","Automatic","First",14.7,2993,241.4,6,40
"BMW","BMW X5 xDrive 30d","Coimbatore",2016,17738,"Diesel","Automatic","First",15.3,2993,258,5,54.45
"Mercedes-Benz","Mercedes-Benz E-Class E 350 d","Coimbatore",2019,9312,"Diesel","Automatic","First",18,2987,258,5,78.8
"BMW","BMW X5 xDrive 30d M Sport","Chennai",2017,6500000,"Diesel","Automatic","First",15.97,2993,258,5,65
"Toyota","Toyota Fortuner 2.8 2WD AT","Ahmedabad",2016,88008,"Diesel","Automatic","Second",12.9,2755,174.5,7,22.5
"Mercedes-Benz","Mercedes-Benz GLA Class 200 d Sport","Mumbai",2018,10000,"Diesel","Automatic","First",17.9,2143,136,5,28.9
"Mercedes-Benz","Mercedes-Benz GLA Class 200 Sport Edition","Delhi",2016,23000,"Petrol","Automatic","First",13.7,1991,183,5,25
"Mercedes-Benz","Mercedes-Benz CLA 200 Sport Edition","Delhi",2016,25000,"Petrol","Automatic","First",15.04,1991,183,5,26
"Mini","Mini Cooper Convertible S","Chennai",2012,17000,"Petrol","Automatic","Second",16.82,1998,189.08,4,22
"Mini","Mini Cooper 3 DOOR S","Mumbai",2013,21000,"Petrol","Automatic","First",17.44,1998,189.08,4,21.5
"Mercedes-Benz","Mercedes-Benz M-Class ML 250 CDI","Coimbatore",2016,23218,"Diesel","Automatic","First",15.26,2143,203.2,5,45.61
"Ford","Ford Endeavour 2.2 Trend MT 4X4","Hyderabad",2016,107890,"Diesel","Manual","First",13.5,2198,157.7,7,20.5
"Volvo","Volvo XC90 2007-2015 D5 AWD","Kochi",2014,89230,"Diesel","Manual","First",11.1,2400,200,7,23.65
"Toyota","Toyota Fortuner 4x2 Manual","Jaipur",2015,59000,"Diesel","Manual","First",13,2982,168.5,7,23
"Mercedes-Benz","Mercedes-Benz B Class B200 CDI","Coimbatore",2017,43812,"Diesel","Automatic","First",15,2143,107.3,5,20.28
"Jaguar","Jaguar XJ 3.0L Portfolio","Delhi",2016,12000,"Diesel","Automatic","First",10.5,2993,271.23,4,79
"Mercedes-Benz","Mercedes-Benz New C-Class C 220d Avantgarde Edition C","Coimbatore",2018,23152,"Diesel","Automatic","First",19.27,2143,167.62,5,39.22
"Toyota","Toyota Camry Hybrid","Chennai",2016,29277,"Petrol","Automatic","First",19.16,2494,158.2,5,27
"BMW","BMW 5 Series 520d Luxury Line","Ahmedabad",2013,55000,"Diesel","Automatic","First",22.48,1995,190,5,21.75
"Mercedes-Benz","Mercedes-Benz GLC 220d 4MATIC Sport","Mumbai",2017,25000,"Diesel","Automatic","First",17.9,2143,170,5,45
"Toyota","Toyota Fortuner 2.8 2WD AT","Delhi",2017,40000,"Diesel","Automatic","First",12.9,2755,174.5,7,30
"BMW","BMW 3 Series 320d M Sport","Kochi",2017,23806,"Diesel","Automatic","First",22.69,1995,190,5,33.66
"Mercedes-Benz","Mercedes-Benz CLA 200 CDI Style","Coimbatore",2017,23106,"Diesel","Automatic","First",17.9,2143,136,5,27.43
"Jaguar","Jaguar XF 3.0 Litre S Premium Luxury","Kochi",2015,47759,"Diesel","Automatic","First",14.74,2993,270.9,5,31.8
"Audi","Audi A4 35 TDI Premium Sport","Chennai",2016,11000,"Diesel","Automatic","First",17.11,1968,174.33,5,28
"Mercedes-Benz","Mercedes-Benz New C-Class C 220d Avantgarde Edition C","Bangalore",2017,20149,"Diesel","Automatic","First",19.27,2143,167.62,5,38.5
"Audi","Audi Q7 3.0 TDI Quattro Premium Plus","Hyderabad",2012,79000,"Diesel","Automatic","First",12.07,2967,241.4,7,39
"Audi","Audi A4 35 TDI Premium","Coimbatore",2016,39644,"Diesel","Automatic","First",17.11,1968,174.33,5,25.75
"Mercedes-Benz","Mercedes-Benz E-Class E 220 d","Mumbai",2018,11000,"Diesel","Automatic","First",16.1,1950,194,5,56.5
"BMW","BMW 3 Series 320d Luxury Line","Mumbai",2014,18600,"Diesel","Automatic","Second",22.69,1995,190,5,21
"BMW","BMW 6 Series Gran Coupe","Delhi",2013,21000,"Diesel","Automatic","Second",17.54,2993,313,4,44
"BMW","BMW 5 Series 2013-2017 520d Luxury Line","Ahmedabad",2016,44001,"Diesel","Automatic","First",18.12,1995,190,5,34.51
"Land","Land Rover Discovery SE 3.0 TD6","Delhi",2016,59000,"Diesel","Automatic","First",18,2993,255,7,36.75
"Audi","Audi Q7 3.0 TDI quattro","Hyderabad",2011,98000,"Diesel","Automatic","First",12.07,2967,241.4,7,22
"Mercedes-Benz","Mercedes-Benz CLA 200 CDI Sport","Coimbatore",2017,20969,"Diesel","Automatic","First",17.9,2143,136,5,27.87
"Audi","Audi Q7 35 TDI Quattro Technology","Coimbatore",2016,28733,"Diesel","Automatic","Second",12.07,2967,241.4,7,53.11
"Mercedes-Benz","Mercedes-Benz E-Class 2015-2017 E350 CDI Avantgrade","Kochi",2018,21603,"Diesel","Automatic","First",13,2987,265,5,70.15
"BMW","BMW X6 xDrive 40d M Sport","Chennai",2016,25000,"Diesel","Automatic","First",15.87,2993,308.43,5,60
"Audi","Audi A4 2.0 TDI Premium Sport Limited Edition","Coimbatore",2015,21979,"Diesel","Automatic","First",17.11,1968,174.33,5,23.45
"Jeep","Jeep Compass 2.0 Limited 4X4","Coimbatore",2018,48188,"Diesel","Manual","First",16.3,1956,170,5,21.69
"Toyota","Toyota Innova Crysta 2.8 ZX AT","Coimbatore",2017,65367,"Diesel","Automatic","First",11.36,2755,171.5,7,20.14
"Audi","Audi A4 2.0 TDI 177 Bhp Premium Plus","Coimbatore",2014,57773,"Diesel","Automatic","Second",17.11,1968,174.33,5,20.04
"Audi","Audi Q7 35 TDI Quattro Technology","Bangalore",2015,21000,"Diesel","Automatic","Second",12.07,2967,241.4,7,52.5
"Mini","Mini Cooper Convertible S","Mumbai",2016,15000,"Petrol","Automatic","First",16.82,1998,189.08,4,35
"BMW","BMW 5 Series 2013-2017 520d Luxury Line","Chennai",2016,30000,"Diesel","Automatic","Second",18.12,1995,190,5,31.5
"Audi","Audi Q5 2.0 TDI Technology","Hyderabad",2014,50000,"Diesel","Automatic","First",14.16,1968,174.3,5,35
"Porsche","Porsche Panamera Diesel","Kolkata",2015,25100,"Diesel","Automatic","First",17.85,2967,300,4,75
"Mercedes-Benz","Mercedes-Benz CLA 200 Sport Edition","Kochi",2017,24733,"Petrol","Automatic","First",15.04,1991,183,5,27.15
"Ford","Ford Endeavour 3.2 Trend AT 4X4","Coimbatore",2018,51530,"Diesel","Automatic","First",10.91,3198,197.2,7,30.27
"Mercedes-Benz","Mercedes-Benz E-Class 2015-2017 E250 Edition E","Ahmedabad",2016,39500,"Diesel","Automatic","First",15,2143,204,5,29.5
"Audi","Audi Q3 35 TDI Quattro Premium Plus","Bangalore",2015,51000,"Diesel","Automatic","First",15.17,1968,181,5,27.5
"Porsche","Porsche Panamera Diesel 250hp","Kochi",2014,60033,"Diesel","Automatic","First",18.18,2967,250,4,51.52
"Jaguar","Jaguar XF 2.2 Litre Luxury","Pune",2014,55001,"Diesel","Automatic","First",16.36,2179,187.7,5,31
"Mini","Mini Cooper Convertible S","Kochi",2017,20469,"Petrol","Automatic","First",16.82,1998,189.08,4,35.98
"Mercedes-Benz","Mercedes-Benz New C-Class C 220d Avantgarde Edition C","Coimbatore",2018,20604,"Diesel","Automatic","First",19.27,2143,167.62,5,39.62
"Mercedes-Benz","Mercedes-Benz GLE 350d","Coimbatore",2018,30706,"Diesel","Automatic","First",11.57,2987,254.79,5,59.29
"BMW","BMW 7 Series 730Ld Sedan","Coimbatore",2013,73525,"Diesel","Automatic","First",16.46,2993,258,5,34.54
"BMW","BMW X5 X5 M","Pune",2015,69002,"Diesel","Automatic","First",15.97,2993,258,5,50
"Mercedes-Benz","Mercedes-Benz GLE 350d","Mumbai",2017,19863,"Diesel","Automatic","First",11.57,2987,254.79,5,64.95
"BMW","BMW 3 Series 320d Sport Line","Pune",2018,24000,"Diesel","Automatic","First",18.88,1995,184,5,28
"BMW","BMW X3 xDrive20d xLine","Kochi",2017,36935,"Diesel","Automatic","First",18.56,1995,190,5,32.64
"BMW","BMW 5 Series 2013-2017 520d Luxury Line","Bangalore",2015,14000,"Diesel","Automatic","First",18.12,1995,190,5,35
"Audi","Audi Q7 35 TDI Quattro Premium Plus","Kochi",2016,72132,"Diesel","Automatic","Second",12.07,2967,241.4,7,39
"Toyota","Toyota Fortuner 2.8 2WD AT","Kochi",2019,21719,"Diesel","Automatic","First",12.9,2755,174.5,7,33.13
"Audi","Audi A6 2011-2015 2.0 TDI","Coimbatore",2013,70998,"Diesel","Automatic","First",17.68,1968,174.33,5,20.57
"Audi","Audi A6 35 TDI Matrix","Delhi",2014,56000,"Diesel","Automatic","First",18.53,1968,187.74,5,24
"Audi","Audi A6 35 TDI Matrix","Hyderabad",2014,62000,"Diesel","Automatic","First",18.53,1968,187.74,5,25
"Toyota","Toyota Fortuner 4x2 Manual","Jaipur",2014,69000,"Diesel","Manual","Second",13,2982,168.5,7,20
"Porsche","Porsche Panamera Diesel","Delhi",2013,48000,"Diesel","Automatic","Second",17.85,2967,300,4,50.5
"Audi","Audi A4 2.0 TDI Multitronic","Hyderabad",2014,53000,"Diesel","Automatic","First",16.55,1968,140,5,20.5
"Isuzu","Isuzu MUX 4WD","Jaipur",2017,34429,"Diesel","Automatic","First",13.8,2999,174.57,7,20
"Jaguar","Jaguar XJ 3.0L Portfolio","Hyderabad",2015,26000,"Diesel","Automatic","First",14.47,2993,301.73,5,75
"Jeep","Jeep Compass 2.0 Limited 4X4","Coimbatore",2019,6261,"Diesel","Manual","First",16.3,1956,170,5,23.91
"Land","Land Rover Range Rover HSE Dynamic","Kochi",2018,41661,"Diesel","Automatic","First",12.7,2179,187.7,5,44.83
"Jaguar","Jaguar XF 2.2 Litre Luxury","Chennai",2014,43000,"Diesel","Automatic","Second",16.36,2179,187.7,5,26.5
"Audi","Audi A6 2.7 TDI","Bangalore",2013,90000,"Diesel","Automatic","Second",12.4,2698,179.5,5,22.5
"Mercedes-Benz","Mercedes-Benz New C-Class C 220d Avantgarde Edition C","Coimbatore",2018,10714,"Diesel","Automatic","First",19.27,2143,167.62,5,39.51
"BMW","BMW 3 Series 320d Luxury Line","Kochi",2017,55389,"Diesel","Automatic","First",18.88,1995,184,5,28.45
"Porsche","Porsche Panamera 2010 2013 4S","Coimbatore",2010,42400,"Petrol","Automatic","Third",8,4806,394.3,4,42.91
"Toyota","Toyota Fortuner 4x2 Manual","Mumbai",2015,31000,"Diesel","Manual","First",13,2982,168.5,7,19.85
"BMW","BMW 5 Series 2013-2017 530d M Sport","Coimbatore",2016,19254,"Diesel","Automatic","First",14.69,2993,258,5,47.7
"Mini","Mini Cooper S Carbon Edition","Kolkata",2018,2971,"Petrol","Automatic","First",13.6,1598,181,4,39.75
"Toyota","Toyota Fortuner 3.0 Diesel","Hyderabad",2016,99593,"Diesel","Manual","First",11.5,2982,171,7,23.5
"Ford","Ford Endeavour 3.2 Titanium AT 4X4","Coimbatore",2017,61108,"Diesel","Automatic","First",10.91,3198,197,7,28.88
"BMW","BMW 3 Series 320d","Hyderabad",2013,48183,"Diesel","Automatic","First",13.2,1995,170,5,20.99
"Land","Land Rover Discovery Sport TD4 HSE","Coimbatore",2019,25899,"Diesel","Automatic","First",12.63,2179,147.5,5,55.7
"Mercedes-Benz","Mercedes-Benz New C-Class C 220 CDI Style","Hyderabad",2017,11200,"Diesel","Automatic","First",19.27,2143,167.62,5,37.5
"Mercedes-Benz","Mercedes-Benz GL-Class 350 CDI Blue Efficiency","Delhi",2016,16000,"Diesel","Automatic","First",11.3,2987,254.8,7,56
"Audi","Audi Q7 3.0 TDI Quattro Premium Plus","Coimbatore",2014,51076,"Diesel","Automatic","First",12.07,2967,241.4,7,34.88
"Audi","Audi A6 2011-2015 3.0 TDI Quattro Premium Plus","Pune",2012,50001,"Diesel","Automatic","First",14.57,2967,241.38,5,29
"Ford","Ford Endeavour 3.2 Titanium AT 4X4","Mumbai",2016,29000,"Diesel","Automatic","First",10.91,3198,197,7,29.8
"Audi","Audi Q5 2.0 TDI Premium Plus","Chennai",2013,44000,"Diesel","Automatic","First",14.16,1968,174.3,5,32.5
"Audi","Audi A7 2011-2015 Sportback","Kolkata",2012,24720,"Diesel","Automatic","Second",14.4,2967,241.4,5,28
"Mercedes-Benz","Mercedes-Benz E-Class E250 CDI Avantgrade","Kochi",2015,41057,"Diesel","Automatic","First",13,2143,201.1,5,24.63
"Ford","Ford Endeavour 3.2 Trend AT 4X4","Jaipur",2016,90000,"Diesel","Automatic","First",10.91,3198,197.2,7,26
"BMW","BMW X1 sDrive 20d Sportline","Hyderabad",2014,45000,"Diesel","Automatic","First",17.05,1995,184,5,21.5
"Mercedes-Benz","Mercedes-Benz E-Class E250 CDI Launch Edition","Chennai",2014,81000,"Diesel","Automatic","First",13,2143,204,5,22.75
"Jaguar","Jaguar XF Diesel","Coimbatore",2016,55115,"Diesel","Automatic","First",14.74,2993,270.9,5,36.15
"Jaguar","Jaguar XF 2.2 Litre Luxury","Kolkata",2014,18000,"Diesel","Automatic","First",16.36,2179,187.7,5,25.7
"Audi","Audi A4 2.0 TDI 177 Bhp Premium Plus","Coimbatore",2015,32205,"Diesel","Automatic","First",17.11,1968,174.33,5,25.31
"Audi","Audi A4 30 TFSI Premium Plus","Kochi",2017,61221,"Petrol","Automatic","First",17.84,1395,147.51,5,21.73
"Mini","Mini Cooper 5 DOOR D","Kochi",2019,14857,"Diesel","Automatic","First",20.7,1496,113.98,5,31.55
"Ford","Ford Endeavour Titanium 4X2","Coimbatore",2019,14648,"Diesel","Manual","First",12.62,2198,158,7,27.36
"Mercedes-Benz","Mercedes-Benz New C-Class C 220 CDI Avantgarde","Delhi",2015,15000,"Diesel","Automatic","First",19.27,2143,170,5,28.5
"Jaguar","Jaguar XF Diesel","Coimbatore",2014,82536,"Diesel","Automatic","First",14.74,2993,270.9,5,28.63
"Toyota","Toyota Fortuner 4x2 AT","Kochi",2015,47566,"Diesel","Automatic","First",12.55,2982,168.5,7,20.25
"Mini","Mini Cooper 3 DOOR D","Kochi",2015,27641,"Diesel","Automatic","Second",20.7,1496,113.98,4,24.77
"Ford","Ford Endeavour 3.2 Titanium AT 4X4","Chennai",2019,9000,"Diesel","Automatic","First",10.91,3198,197,7,35.5
"BMW","BMW 7 Series 730Ld Design Pure Excellence CBU","Kolkata",2012,41100,"Diesel","Automatic","First",16.77,2993,261.49,5,26.5
"Mercedes-Benz","Mercedes-Benz M-Class ML 350 4Matic","Coimbatore",2016,22769,"Diesel","Automatic","First",13.51,2987,165,5,49.22
"Land","Land Rover Range Rover 2.2L Dynamic","Pune",2015,52000,"Diesel","Automatic","First",12.7,2179,187.7,5,39.75
"Mercedes-Benz","Mercedes-Benz E-Class E250 CDI Avantgrade","Kochi",2015,59630,"Diesel","Automatic","First",13,2143,201.1,5,23.41
"Volvo","Volvo S60 D4 KINETIC","Ahmedabad",2015,34000,"Diesel","Automatic","First",9,1984,181,5,20
"Land","Land Rover Range Rover Vogue SE 4.4 SDV8","Bangalore",2012,63000,"Diesel","Automatic","Second",11.49,4367,335.3,5,65
"Audi","Audi Q3 30 TDI Premium FWD","Mumbai",2017,31000,"Diesel","Automatic","First",18.51,1968,147.51,5,27
"Mercedes-Benz","Mercedes-Benz E-Class E400 Cabriolet","Kolkata",2015,7501,"Petrol","Automatic","First",10,2996,333,4,48
"Mercedes-Benz","Mercedes-Benz GLE 350d","Coimbatore",2018,29277,"Diesel","Automatic","First",11.57,2987,254.79,5,59.65
"Mini","Mini Cooper 3 DOOR D","Kochi",2016,32298,"Diesel","Automatic","First",20.7,1496,113.98,4,23.8
"Audi","Audi Q3 35 TDI Quattro Premium Plus","Bangalore",2015,38000,"Diesel","Automatic","First",15.73,1968,174.33,5,29
"Mercedes-Benz","Mercedes-Benz CLA 200 CDI Sport","Kochi",2019,29836,"Diesel","Automatic","First",17.9,2143,136,5,25.75
"BMW","BMW 7 Series 2007-2012 750Li","Kochi",2010,50161,"Petrol","Automatic","First",8.77,4395,402,5,25.93
"Toyota","Toyota Fortuner 4x4 AT","Coimbatore",2017,68319,"Diesel","Automatic","First",12.55,2982,168.5,7,25.12
"Mercedes-Benz","Mercedes-Benz R-Class R350 CDI 4MATIC","Hyderabad",2010,46000,"Diesel","Automatic","First",11.8,2987,261,7,28
"BMW","BMW X5 2014-2019 xDrive 30d Design Pure Experience 7 Seater","Mumbai",2015,29500,"Diesel","Automatic","First",15.97,2993,258,7,43
"Audi","Audi A6 2011-2015 35 TDI Technology","Mumbai",2015,42000,"Diesel","Automatic","First",17.68,1968,174.33,5,24.25
"Mercedes-Benz","Mercedes-Benz A Class A180 CDI","Bangalore",2014,8000,"Diesel","Automatic","Second",20,2143,107.3,5,19.75
"Land","Land Rover Freelander 2 HSE SD4","Ahmedabad",2012,60000,"Diesel","Automatic","Second",12.35,2179,187.74,5,23.5
"Audi","Audi A4 2.0 TDI 177 Bhp Premium Plus","Bangalore",2014,40000,"Diesel","Automatic","First",17.11,1968,174.33,5,22.5
"Mercedes-Benz","Mercedes-Benz M-Class ML 250 CDI","Kolkata",2015,58589,"Diesel","Automatic","First",15.26,2143,203.2,5,27.75
"Ford","Ford Endeavour 2.2 Trend AT 4X2","Pune",2016,75000,"Diesel","Automatic","First",12.62,2198,158,7,24
"BMW","BMW 5 Series 2003-2012 530d","Coimbatore",2016,18090,"Diesel","Automatic","First",16.2,2993,258,5,45.73
"Audi","Audi Q7 3.0 TDI quattro","Coimbatore",2012,91743,"Diesel","Automatic","First",12.07,2967,241.4,7,28.55
"Porsche","Porsche Panamera Diesel","Bangalore",2013,19828,"Diesel","Automatic","Second",17.85,2967,300,4,75
"BMW","BMW 5 Series 520d Luxury Line","Delhi",2013,65000,"Diesel","Automatic","First",22.48,1995,190,5,21.26
"Mercedes-Benz","Mercedes-Benz S Class 2005 2013 S 350 CDI","Bangalore",2009,98000,"Diesel","Automatic","Second",13.5,2987,282,5,25
"Jaguar","Jaguar XJ 3.0L Premium Luxury","Hyderabad",2012,50000,"Diesel","Automatic","First",12.9,2993,271.23,4,45
"Audi","Audi A4 35 TDI Premium","Coimbatore",2016,39237,"Diesel","Automatic","First",17.11,1968,174.33,5,25.64
"Land","Land Rover Discovery Sport SD4 HSE Luxury 7S","Hyderabad",2016,62000,"Diesel","Automatic","First",12.51,2179,187.7,7,44.5
"Jeep","Jeep Compass 2.0 Limited Option 4X4","Jaipur",2017,45000,"Diesel","Manual","First",16.3,1956,170,5,20
"Toyota","Toyota Innova Crysta 2.4 VX MT","Coimbatore",2019,33598,"Diesel","Manual","First",13.68,2393,147.8,7,22.2
"Mercedes-Benz","Mercedes-Benz CLA 200 CDI Sport","Kochi",2019,13414,"Diesel","Automatic","First",17.9,2143,136,5,30.77
"Audi","Audi A6 35 TDI Matrix","Coimbatore",2017,36824,"Diesel","Automatic","First",18.53,1968,187.74,5,39.84
"Mercedes-Benz","Mercedes-Benz CLS-Class 2006-2010 350 CDI","Hyderabad",2010,29000,"Diesel","Automatic","First",9.9,3498,271.72,4,32
"BMW","BMW 3 Series Luxury Line","Ahmedabad",2016,27000,"Diesel","Automatic","First",21.76,1995,190,5,35
"BMW","BMW 5 Series 2013-2017 530d M Sport","Kochi",2015,65266,"Diesel","Automatic","First",14.69,2993,258,5,31.75
"Audi","Audi Q5 3.0 TDI Quattro Technology","Coimbatore",2017,43827,"Diesel","Automatic","First",13.22,2967,241.4,5,36.83
"Hyundai","Hyundai Santa Fe 4WD AT","Coimbatore",2016,28881,"Diesel","Automatic","First",13.01,2199,194.3,7,21.37
"BMW","BMW X6 xDrive30d","Delhi",2011,59000,"Diesel","Automatic","First",11.2,2993,241,4,21.9
"BMW","BMW 5 Series 2013-2017 520d Luxury Line","Coimbatore",2016,76467,"Diesel","Automatic","First",18.12,1995,190,5,30.45
"Mercedes-Benz","Mercedes-Benz E-Class E250 CDI Avantgrade","Coimbatore",2016,39753,"Diesel","Automatic","First",13,2143,201.1,5,35.28
"Mercedes-Benz","Mercedes-Benz New C-Class C 220 CDI Style","Hyderabad",2017,10000,"Diesel","Automatic","First",19.27,2143,167.62,5,36
"Mercedes-Benz","Mercedes-Benz GLC 220d 4MATIC Style","Coimbatore",2019,29311,"Diesel","Automatic","First",17.9,2143,170,5,50.97
"BMW","BMW 3 Series Luxury Line","Mumbai",2016,31000,"Diesel","Automatic","First",21.76,1995,190,5,29.95
"Mercedes-Benz","Mercedes-Benz E-Class E250 CDI Launch Edition","Coimbatore",2015,73187,"Diesel","Automatic","First",13,2143,204,5,30.72
"Audi","Audi A4 35 TDI Premium","Bangalore",2015,58970,"Diesel","Automatic","First",17.11,1968,174.33,5,23.75
"Mercedes-Benz","Mercedes-Benz GLA Class 200 CDI","Hyderabad",2014,30000,"Diesel","Automatic","First",17.9,2143,136,5,26
"Land","Land Rover Range Rover Sport HSE","Kochi",2015,38467,"Diesel","Automatic","First",12.65,2993,255,5,70.66
"Toyota","Toyota Innova Crysta 2.8 ZX AT","Kochi",2017,26023,"Diesel","Automatic","First",11.36,2755,171.5,7,19.97
"Mercedes-Benz","Mercedes-Benz E-Class 2009-2013 E250 CDI Elegance","Hyderabad",2014,53000,"Diesel","Automatic","Second",14.21,2143,203,5,29
"Audi","Audi Q5 2.0 TDI Premium Plus","Coimbatore",2014,87652,"Diesel","Automatic","Second",14.16,1968,174.3,5,25.71
"BMW","BMW 3 Series 320d Prestige","Mumbai",2015,56000,"Diesel","Automatic","First",18.88,1995,184,5,22.75
"Mercedes-Benz","Mercedes-Benz E-Class 2009-2013 E250 CDI Blue Efficiency","Delhi",2014,30000,"Diesel","Automatic","First",14.21,2143,203,5,26
"Jaguar","Jaguar XF 3.0 Litre S Premium Luxury","Mumbai",2014,30900,"Diesel","Automatic","First",14.74,2993,270.9,5,29.5
"Audi","Audi A6 35 TFSI Matrix","Delhi",2018,22000,"Petrol","Automatic","First",15.26,1798,187.74,5,41.5
"Mercedes-Benz","Mercedes-Benz CLA 200 CDI Sport","Kochi",2016,32345,"Diesel","Automatic","First",17.9,2143,136,5,24.51
"Skoda","Skoda Superb Style 1.8 TSI AT","Mumbai",2016,14500,"Petrol","Automatic","First",14.67,1798,177.46,5,20.75
"Toyota","Toyota Fortuner 4x2 AT","Hyderabad",2016,55547,"Diesel","Automatic","First",12.55,2982,168.5,7,24.99
"Volvo","Volvo XC60 D5","Hyderabad",2015,100000,"Diesel","Automatic","First",13.5,2400,215,5,32.5
"Mercedes-Benz","Mercedes-Benz E-Class 2009-2013 E250 CDI Elegance","Pune",2016,45000,"Diesel","Automatic","First",14.21,2143,203,5,34
"Mercedes-Benz","Mercedes-Benz New C-Class C 220d Avantgarde Edition C","Coimbatore",2018,27467,"Diesel","Automatic","First",19.27,2143,167.62,5,39.05
"Audi","Audi Q7 35 TDI Quattro Technology","Coimbatore",2016,32545,"Diesel","Automatic","First",12.07,2967,241.4,7,48.76
"Jaguar","Jaguar XF 2.2 Litre Luxury","Mumbai",2018,3000,"Diesel","Automatic","First",16.36,2179,187.7,5,52.5
"BMW","BMW X3 xDrive20d","Bangalore",2012,52000,"Diesel","Automatic","First",16.09,1995,184,5,24
"Mercedes-Benz","Mercedes-Benz CLA 200 CGI Sport","Delhi",2016,40000,"Petrol","Automatic","First",15.04,1991,183,5,24.5
"Mercedes-Benz","Mercedes-Benz E-Class 2015-2017 E250 CDI Avantgarde","Coimbatore",2016,43252,"Diesel","Automatic","First",13,2143,204,5,34.18
"BMW","BMW X1 sDrive20d","Bangalore",2016,45000,"Diesel","Automatic","First",17.05,1995,184,5,28.5
"Mercedes-Benz","Mercedes-Benz E-Class E350 CDI","Delhi",2014,68000,"Diesel","Automatic","First",13,2987,261.5,5,27.5
"Audi","Audi Q3 2012-2015 2.0 TDI Quattro Premium Plus","Jaipur",2014,65000,"Diesel","Automatic","Second",15.73,1968,174.33,5,21.5
"Land","Land Rover Discovery Sport TD4 HSE","Delhi",2016,77000,"Diesel","Automatic","First",12.63,2179,147.5,5,35
"Audi","Audi RS5 Coupe","Mumbai",2013,23312,"Petrol","Automatic","First",11.05,2894,444,4,40.5
"Audi","Audi Q5 2.0 TDI Premium Plus","Coimbatore",2015,60146,"Diesel","Automatic","First",14.16,1968,174.3,5,29.64
"Jaguar","Jaguar XF 2.2 Litre Luxury","Hyderabad",2015,50000,"Diesel","Automatic","First",16.36,2179,187.7,5,38
"BMW","BMW 5 Series 520d Luxury Line","Coimbatore",2014,60280,"Diesel","Automatic","First",22.48,1995,190,5,22.45
"Mercedes-Benz","Mercedes-Benz B Class B200 CDI","Coimbatore",2017,48161,"Diesel","Automatic","First",15,2143,107.3,5,20.87
"Land","Land Rover Range Rover 3.0 Diesel LWB Vogue","Hyderabad",2017,25000,"Diesel","Automatic","First",13.33,2993,255,5,160
"Audi","Audi A4 3.0 TDI Quattro","Coimbatore",2015,35463,"Diesel","Automatic","First",14.94,2967,241.4,5,25.02
"Toyota","Toyota Camry Hybrid 2.5","Coimbatore",2017,23249,"Petrol","Automatic","First",19.16,2487,175.67,5,26.11
"BMW","BMW X5 xDrive 30d M Sport","Chennai",2016,45000,"Diesel","Automatic","First",15.97,2993,258,5,57
"Audi","Audi Q5 2.0 TDI","Delhi",2013,71000,"Diesel","Automatic","First",14.16,1968,174.3,5,21.5
"Mitsubishi","Mitsubishi Pajero Sport 4X4 AT","Coimbatore",2019,11827,"Diesel","Automatic","First",13.5,2477,175.56,6,27.11
"Audi","Audi Q5 30 TDI quattro Premium Plus","Bangalore",2015,63000,"Diesel","Automatic","First",14.16,1968,174.3,5,36
"Mitsubishi","Mitsubishi Pajero Sport 4X4 AT","Bangalore",2018,8900,"Diesel","Automatic","First",13.5,2477,175.56,6,26.5
"Toyota","Toyota Fortuner 2.8 2WD MT","Coimbatore",2019,56251,"Diesel","Manual","First",14.24,2755,174.5,7,35.82
"Mercedes-Benz","Mercedes-Benz E-Class 2015-2017 E250 Edition E","Coimbatore",2017,43477,"Diesel","Automatic","First",15,2143,204,5,38.15
"Toyota","Toyota Innova Crysta 2.8 ZX AT","Bangalore",2017,53841,"Diesel","Automatic","First",11.36,2755,171.5,7,20.5
"Mercedes-Benz","Mercedes-Benz GL-Class 350 CDI Blue Efficiency","Chennai",2015,45000,"Diesel","Automatic","First",11.3,2987,254.8,7,56
"Porsche","Porsche Panamera Diesel","Kochi",2015,54996,"Diesel","Automatic","First",17.85,2967,300,4,60.95
"Audi","Audi Q3 35 TDI Quattro Premium","Chennai",2015,28000,"Diesel","Automatic","First",15.73,1968,174.33,5,23.75
"BMW","BMW 7 Series 730Ld Sedan","Chennai",2010,58000,"Diesel","Automatic","First",16.46,2993,258,5,31
"Audi","Audi Q5 2.0 TDI Premium Plus","Bangalore",2014,53900,"Diesel","Automatic","First",14.16,1968,174.3,5,29
"Mercedes-Benz","Mercedes-Benz E-Class 2009-2013 E250 CDI Avantgarde","Kolkata",2014,34233,"Diesel","Automatic","First",14.21,2143,203,5,22.5
"BMW","BMW X6 xDrive30d","Coimbatore",2014,39626,"Diesel","Automatic","First",11.2,2993,241,4,40.66
"Ford","Ford Endeavour 3.2 Trend AT 4X4","Chennai",2016,43000,"Diesel","Automatic","First",10.91,3198,197.2,7,26.5
"Audi","Audi Q3 30 TDI Premium FWD","Coimbatore",2018,22060,"Diesel","Automatic","First",18.51,1968,147.51,5,32.73
"Mercedes-Benz","Mercedes-Benz M-Class ML 350 4Matic","Chennai",2012,63000,"Diesel","Automatic","First",13.51,2987,165,5,26
"Audi","Audi A4 35 TDI Premium Plus","Kochi",2015,13506,"Diesel","Automatic","First",18.25,1968,187.74,5,21.66
"Audi","Audi Q5 3.0 TDI Quattro","Bangalore",2015,63000,"Diesel","Automatic","First",13.22,2967,241.4,5,34.5
"Audi","Audi A6 2011-2015 2.0 TDI Premium Plus","Mumbai",2013,56500,"Diesel","Automatic","First",17.68,1968,174.33,5,19.8
"Audi","Audi Q7 3.0 TDI Quattro Premium Plus","Coimbatore",2014,72469,"Diesel","Automatic","First",12.07,2967,241.4,7,32.52
"Mercedes-Benz","Mercedes-Benz E-Class 2015-2017 E250 CDI Avantgarde","Coimbatore",2016,65405,"Diesel","Automatic","First",13,2143,204,5,32.73
"Toyota","Toyota Fortuner 4x2 AT TRD Sportivo","Delhi",2015,36000,"Diesel","Automatic","Second",12.55,2982,168.7,7,21.5
"BMW","BMW X1 xDrive 20d M Sport","Kolkata",2017,27001,"Diesel","Automatic","First",20.68,1995,190,5,29
"Audi","Audi Q7 35 TDI Quattro Technology","Coimbatore",2016,45180,"Diesel","Automatic","First",12.07,2967,241.4,7,50.22
"Mercedes-Benz","Mercedes-Benz GLA Class 200 CDI SPORT","Delhi",2015,27000,"Diesel","Automatic","First",17.9,2143,136,5,23
"Toyota","Toyota Innova Crysta 2.4 VX MT 8S","Coimbatore",2019,31271,"Diesel","Manual","First",13.68,2393,147.8,8,21.42
"Mercedes-Benz","Mercedes-Benz New C-Class C 220 CDI Avantgarde","Delhi",2016,20000,"Diesel","Automatic","First",19.27,2143,170,5,33
"BMW","BMW 6 Series Gran Coupe","Kochi",2018,20004,"Diesel","Automatic","First",17.54,2993,313,4,68.94
"Jaguar","Jaguar XF Diesel","Coimbatore",2012,94521,"Diesel","Automatic","First",14.74,2993,270.9,5,23.19
"Porsche","Porsche Cayenne Diesel","Coimbatore",2015,60395,"Diesel","Automatic","First",16.12,2967,245,5,45.82
"Mercedes-Benz","Mercedes-Benz New C-Class 220 CDI MT","Chennai",2015,26000,"Diesel","Manual","First",15.8,2148,170,5,26
"BMW","BMW 7 Series 730Ld","Chennai",2014,35000,"Diesel","Automatic","First",16.46,2993,258,5,52
"Audi","Audi Q7 4.2 TDI Quattro Technology","Bangalore",2015,50000,"Diesel","Automatic","First",11.33,4134,335.2,7,48
"BMW","BMW X5 xDrive 30d","Hyderabad",2011,124652,"Diesel","Automatic","First",11.7,2993,245,5,21.99
"Audi","Audi A4 35 TDI Premium","Hyderabad",2015,60000,"Diesel","Automatic","First",17.11,1968,174.33,5,25
"Mercedes-Benz","Mercedes-Benz M-Class ML 350 4Matic","Coimbatore",2016,27833,"Diesel","Automatic","First",13.51,2987,165,5,49.24
"BMW","BMW 3 Series GT 320d Luxury Line","Hyderabad",2015,36255,"Diesel","Automatic","First",19.59,1995,184,5,33
"BMW","BMW X5 xDrive 30d","Chennai",2011,58000,"Diesel","Automatic","Second",11.7,2993,245,5,27
"Mercedes-Benz","Mercedes-Benz New C-Class C220 CDI Executive Edition","Kochi",2019,17320,"Diesel","Automatic","First",15.8,2148,170,5,37.99
"Audi","Audi Q7 3.0 TDI Quattro Technology","Hyderabad",2014,60000,"Diesel","Automatic","First",12.07,2967,241.4,7,45
"Ford","Ford Mustang V8","Kochi",2018,21290,"Petrol","Automatic","First",13,4951,395,4,56.8
"Land","Land Rover Freelander 2 SE","Kochi",2014,61730,"Diesel","Automatic","First",12.39,2179,147.51,5,19.94
"Audi","Audi Q7 3.0 TDI Quattro Technology","Coimbatore",2014,102865,"Diesel","Automatic","First",12.07,2967,241.4,7,30.5
"Volvo","Volvo XC90 2007-2015 D5 AT AWD","Kochi",2014,102001,"Diesel","Automatic","First",11.1,2400,200,7,23.58
"Audi","Audi Q7 3.0 TDI Quattro Premium Plus","Hyderabad",2015,50000,"Diesel","Automatic","First",12.07,2967,241.4,7,47.5
"BMW","BMW 3 Series 320d Sport Line","Mumbai",2014,23000,"Diesel","Automatic","First",18.88,1995,184,5,19.9
"Jaguar","Jaguar XF 2.2 Litre Executive","Bangalore",2015,19000,"Diesel","Automatic","Second",16.36,2179,187.7,5,38
"Mercedes-Benz","Mercedes-Benz GLE 350d","Chennai",2016,29000,"Diesel","Automatic","First",11.57,2987,254.79,5,65
"Mercedes-Benz","Mercedes-Benz GL-Class 2007 2012 350 CDI Luxury","Pune",2013,100000,"Diesel","Automatic","First",12,2987,224,7,32
"Audi","Audi Q5 30 TDI quattro Premium Plus","Coimbatore",2016,47293,"Diesel","Automatic","First",14.16,1968,174.3,5,38.72
"BMW","BMW 3 Series Luxury Line","Pune",2016,70000,"Diesel","Automatic","Second",21.76,1995,190,5,27
"Mercedes-Benz","Mercedes-Benz New C-Class C 220 CDI BE Avantgare","Bangalore",2013,25000,"Diesel","Automatic","Second",14.84,2143,167.62,5,21
"BMW","BMW 3 Series 320d GT Luxury Line","Mumbai",2017,8000,"Diesel","Automatic","First",19.59,1995,187.74,5,33.75
"Jaguar","Jaguar XF 2.2 Litre Luxury","Kochi",2015,27001,"Diesel","Automatic","First",16.36,2179,187.7,5,26.52
"Mercedes-Benz","Mercedes-Benz E-Class 2009-2013 E250 CDI Elegance","Pune",2014,100000,"Diesel","Automatic","First",14.21,2143,203,5,25
"Audi","Audi A4 35 TDI Technology Edition","Kochi",2019,38163,"Diesel","Automatic","First",17.11,1968,174.33,5,32.91
"Audi","Audi Q3 35 TDI Quattro Premium Plus","Coimbatore",2017,42366,"Diesel","Automatic","First",15.73,1968,174.33,5,31.93
"BMW","BMW X1 sDrive 20d xLine","Coimbatore",2019,15456,"Diesel","Automatic","First",20.68,1995,190,5,36.64
"BMW","BMW X5 X5 M","Chennai",2017,15000,"Diesel","Automatic","First",15.97,2993,258,5,70
"Mercedes-Benz","Mercedes-Benz New C-Class C 220 CDI Celebration Edition","Kolkata",2016,34000,"Diesel","Automatic","First",11.78,2143,167.62,5,25.5
"BMW","BMW 5 Series 525d Sedan","Hyderabad",2013,93000,"Diesel","Automatic","First",16.73,2993,218,5,26.5
"Audi","Audi A4 2.0 TDI Multitronic","Ahmedabad",2015,13000,"Diesel","Automatic","First",16.55,1968,140,5,23
"BMW","BMW 6 Series 650i Coupe","Kochi",2010,65329,"Petrol","Automatic","First",7.94,4395,450,4,20.72
"Toyota","Toyota Fortuner 4x2 AT","Pune",2015,36000,"Diesel","Automatic","First",12.55,2982,168.5,7,22
"Jaguar","Jaguar XF 2.2 Litre Luxury","Pune",2013,46000,"Diesel","Automatic","Second",16.36,2179,187.7,5,24
"Mercedes-Benz","Mercedes-Benz GL-Class 2007 2012 350 CDI Luxury","Delhi",2015,55000,"Diesel","Automatic","First",12,2987,224,7,52
"Mercedes-Benz","Mercedes-Benz GLA Class 200 CDI SPORT","Kolkata",2015,35000,"Diesel","Automatic","First",17.9,2143,136,5,20.99
"Audi","Audi A4 35 TDI Technology Edition","Hyderabad",2015,30000,"Diesel","Automatic","First",17.11,1968,174.33,5,27
"Toyota","Toyota Fortuner 2.8 2WD MT","Coimbatore",2017,72668,"Diesel","Manual","First",14.24,2755,174.5,7,28.85
"Mercedes-Benz","Mercedes-Benz SLK-Class 55 AMG","Bangalore",2014,3000,"Petrol","Automatic","Second",12,5461,421,2,90
"Jaguar","Jaguar XF Aero Sport Edition","Delhi",2012,16000,"Diesel","Automatic","First",16.36,2179,187.7,5,32
"Land","Land Rover Freelander 2 SE","Pune",2014,85000,"Diesel","Automatic","Second",12.39,2179,147.51,5,23
"Mercedes-Benz","Mercedes-Benz M-Class ML 350 4Matic","Bangalore",2015,20000,"Diesel","Automatic","First",13.51,2987,165,5,47.35
"BMW","BMW X3 xDrive30d M Sport","Bangalore",2016,49000,"Diesel","Automatic","First",16.55,2993,258,5,45
"Mercedes-Benz","Mercedes-Benz SL-Class SL 500","Kolkata",2010,35000,"Petrol","Automatic","First",8.1,5461,387.3,2,29.5
"Audi","Audi Q3 2012-2015 35 TDI Quattro Premium Plus","Delhi",2016,42000,"Diesel","Automatic","First",15.73,1968,174.33,5,23.5
"Ford","Ford Endeavour 2.2 Trend MT 4X4","Kochi",2017,38681,"Diesel","Manual","First",13.5,2198,157.7,7,23.86
"Mini","Mini Cooper Countryman D","Bangalore",2014,35165,"Diesel","Automatic","Second",23.8,1998,112,5,22
"Land","Land Rover Range Rover Evoque 2.0 TD4 HSE Dynamic","Hyderabad",2016,52000,"Diesel","Automatic","First",15.68,1999,177,5,42
"Mercedes-Benz","Mercedes-Benz GLA Class 200 CDI","Mumbai",2016,43022,"Diesel","Automatic","First",17.9,2143,136,5,24.85
"Mercedes-Benz","Mercedes-Benz S-Class S 350 d","Bangalore",2011,47140,"Diesel","Automatic","Second",13.5,2925,281.61,5,30
"Mercedes-Benz","Mercedes-Benz B Class B200 CDI","Bangalore",2016,36610,"Diesel","Automatic","First",15,2143,107.3,5,19.9
"Volvo","Volvo V40 D3 R Design","Hyderabad",2015,38000,"Diesel","Automatic","Second",16.8,1969,150,5,24
"BMW","BMW 7 Series 2007-2012 730Ld","Hyderabad",2009,53000,"Diesel","Automatic","First",14.49,2993,258,5,36
"BMW","BMW 3 Series Luxury Line","Kochi",2018,21936,"Diesel","Automatic","First",21.76,1995,190,5,37.92
"Mercedes-Benz","Mercedes-Benz E-Class 2009-2013 E250 CDI Blue Efficiency","Bangalore",2013,48000,"Diesel","Automatic","First",14.21,2143,203,5,22
"Land","Land Rover Freelander 2 SE","Hyderabad",2011,68000,"Diesel","Automatic","First",12.39,2179,147.51,5,22
"Mercedes-Benz","Mercedes-Benz GLA Class 200 Sport Edition","Chennai",2016,28000,"Petrol","Automatic","First",13.7,1991,183,5,26
"Audi","Audi Q5 2008-2012 2.0 TDI","Coimbatore",2013,80127,"Diesel","Automatic","First",12.8,1968,167.6,5,23.68
"BMW","BMW X5 xDrive 30d","Chennai",2009,110000,"Diesel","Automatic","First",11.7,2993,245,5,20
"BMW","BMW 6 Series 630i Coupe","Mumbai",2011,5900,"Petrol","Automatic","First",7.94,4395,450,4,47.5
"Mercedes-Benz","Mercedes-Benz New C-Class C 220 CDI Avantgarde","Mumbai",2015,16329,"Diesel","Automatic","First",19.27,2143,170,5,30.3
"BMW","BMW X3 xDrive20d xLine","Kochi",2017,41816,"Diesel","Automatic","First",18.56,1995,190,5,32.78
"Audi","Audi A4 35 TDI Technology","Hyderabad",2017,14000,"Diesel","Automatic","First",18.25,1968,187.74,5,43
"Mercedes-Benz","Mercedes-Benz New C-Class C 220 CDI Style","Hyderabad",2015,39000,"Diesel","Automatic","First",19.27,2143,167.62,5,34
"Land","Land Rover Range Rover 3.6 TDV8 Vogue SE","Coimbatore",2012,84384,"Diesel","Automatic","First",10.2,4367,308,7,52.54
"Mercedes-Benz","Mercedes-Benz M-Class ML 250 CDI","Hyderabad",2014,50000,"Diesel","Automatic","First",15.26,2143,203.2,5,45
"BMW","BMW Z4 2009-2013 Roadster 2.5i","Kochi",2018,9952,"Petrol","Automatic","First",10.37,2979,306,2,58.54
"Ford","Ford Endeavour 3.2 Titanium AT 4X4","Hyderabad",2018,15000,"Diesel","Automatic","First",10.91,3198,197,7,33
"Mercedes-Benz","Mercedes-Benz GLC 220d 4MATIC Style","Mumbai",2017,24000,"Diesel","Automatic","First",17.9,2143,170,5,46.95
"Mercedes-Benz","Mercedes-Benz M-Class ML 250 CDI","Jaipur",2014,66000,"Diesel","Automatic","First",15.26,2143,203.2,5,30
"Land","Land Rover Discovery Sport TD4 S","Delhi",2017,22000,"Diesel","Automatic","First",12.83,2179,147.5,5,35
"BMW","BMW X5 xDrive 30d","Chennai",2011,55000,"Diesel","Automatic","Second",11.7,2993,245,5,28
"Audi","Audi A6 2011-2015 35 TDI Technology","Hyderabad",2015,50000,"Diesel","Automatic","First",17.68,1968,174.33,5,36
"Audi","Audi Q7 4.2 TDI Quattro Technology","Coimbatore",2015,56238,"Diesel","Automatic","First",11.33,4134,335.2,7,51.69
"Audi","Audi A4 35 TDI Premium Plus","Coimbatore",2014,28469,"Diesel","Automatic","First",18.25,1968,187.74,5,24.37
"Mercedes-Benz","Mercedes-Benz M-Class ML 250 CDI","Mumbai",2012,52000,"Diesel","Automatic","First",15.26,2143,203.2,5,29.95
"Mercedes-Benz","Mercedes-Benz New C-Class C 220 CDI Avantgarde","Coimbatore",2017,26493,"Diesel","Automatic","First",19.27,2143,170,5,33.64
"BMW","BMW 5 Series 2003-2012 525d","Hyderabad",2011,101999,"Diesel","Automatic","First",16.73,1995,218,5,19.99
"BMW","BMW 5 Series 530d M Sport","Hyderabad",2016,27000,"Diesel","Automatic","First",18.59,2993,265,5,48
"BMW","BMW X3 xDrive20d","Bangalore",2016,45165,"Diesel","Automatic","First",16.09,1995,184,5,41.75
"BMW","BMW X3 xDrive 20d xLine","Kochi",2017,36723,"Diesel","Automatic","First",18.56,1995,190,5,32.57
"Audi","Audi Q7 45 TDI Quattro Technology","Pune",2017,59500,"Diesel","Automatic","First",14.75,2967,245,7,68
"Land","Land Rover Freelander 2 TD4 SE","Hyderabad",2013,46000,"Diesel","Automatic","Second",12.39,2179,115,5,26
"Audi","Audi A4 2.0 TDI 177 Bhp Technology Edition","Bangalore",2014,29000,"Diesel","Automatic","First",17.11,1968,174.33,5,26
"Land","Land Rover Discovery Sport TD4 HSE 7S","Coimbatore",2019,24013,"Diesel","Automatic","First",12.81,1999,148.31,7,56.14
"Audi","Audi A4 2.0 TDI Premium Sport Limited Edition","Coimbatore",2015,44811,"Diesel","Automatic","First",17.11,1968,174.33,5,25.81
"Land","Land Rover Discovery Sport SD4 HSE Luxury 7S","Coimbatore",2019,17201,"Diesel","Automatic","First",12.51,2179,187.7,7,58.91
"Mercedes-Benz","Mercedes-Benz E-Class E 200 CGI","Mumbai",2013,50319,"Petrol","Automatic","First",12,1991,181.03,5,21.95
"Mercedes-Benz","Mercedes-Benz New C-Class C 200 Kompressor Elegance AT","Kolkata",2007,43627,"Petrol","Automatic","First",11.74,1796,186,5,29
"BMW","BMW 3 Series 330 Ci Convertible","Delhi",2011,31000,"Petrol","Automatic","First",10.9,2497,215,5,31
"Jaguar","Jaguar XJ 5.0 L V8 Supercharged","Coimbatore",2011,43686,"Petrol","Automatic","First",10.5,5000,503,4,50.66
"Mercedes-Benz","Mercedes-Benz GLC 220d Celebration Edition","Kochi",2017,26192,"Diesel","Automatic","First",17.9,2143,168,5,40.47
"Audi","Audi Q5 2008-2012 2.0 TDI","Delhi",2014,44999,"Diesel","Automatic","First",12.8,1968,167.6,5,25
"Mercedes-Benz","Mercedes-Benz GLE 250d","Hyderabad",2016,50000,"Diesel","Automatic","First",17.9,2143,201.15,5,49
"Mercedes-Benz","Mercedes-Benz GLE 350d","Bangalore",2016,28541,"Diesel","Automatic","First",11.57,2987,254.79,5,60.75
"Toyota","Toyota Fortuner 4x2 Manual","Chennai",2015,99000,"Diesel","Manual","First",13,2982,168.5,7,20.5
"Mercedes-Benz","Mercedes-Benz E-Class 2009-2013 E250 CDI Elegance","Delhi",2014,42000,"Diesel","Automatic","First",14.21,2143,203,5,24.95
"Audi","Audi Q7 3.0 TDI quattro","Coimbatore",2014,118218,"Diesel","Automatic","First",12.07,2967,241.4,7,31.41
"Audi","Audi Q3 2.0 TDI","Mumbai",2013,60000,"Diesel","Automatic","First",15.73,1968,174.33,5,22
"Mercedes-Benz","Mercedes-Benz CLA 200 CDI Sport","Kochi",2019,20483,"Diesel","Automatic","First",17.9,2143,136,5,30.3
"Mercedes-Benz","Mercedes-Benz CLA 200 CDI Sport","Jaipur",2017,39000,"Diesel","Automatic","First",17.9,2143,136,5,27
"Ford","Ford Endeavour 2.2 Titanium AT 4X2","Chennai",2019,9000,"Diesel","Automatic","First",12.62,2198,158,7,32.9
"BMW","BMW 3 Series 330d Convertible","Mumbai",2013,49000,"Diesel","Automatic","First",8.2,2993,245,4,29
"Audi","Audi Q5 2.0 TDI","Hyderabad",2013,72000,"Diesel","Automatic","First",14.16,1968,174.3,5,29
"Audi","Audi Q7 3.0 TDI Quattro Premium Plus","Bangalore",2014,45000,"Diesel","Automatic","Second",12.07,2967,241.4,7,37.9
"BMW","BMW 5 Series 2010-2013 530d","Coimbatore",2012,40471,"Diesel","Automatic","Second",16.2,2993,235,5,25.72
"Mercedes-Benz","Mercedes-Benz CLA 200 D Sport Edition","Ahmedabad",2015,13500,"Diesel","Automatic","First",17.9,2143,136,5,25.51
"Ford","Ford Endeavour 3.2 Titanium AT 4X4","Delhi",2018,12000,"Diesel","Automatic","First",10.91,3198,197,7,33.5
"BMW","BMW Z4 2009-2013 35i","Delhi",2011,25000,"Petrol","Automatic","First",10.37,2979,306,2,30
"Mini","Mini Cooper S Carbon Edition","Delhi",2012,18000,"Petrol","Automatic","First",13.6,1598,181,4,22
"Audi","Audi Q7 3.0 TDI Quattro Premium Plus","Coimbatore",2016,31075,"Diesel","Automatic","Second",12.07,2967,241.4,7,49.79
"BMW","BMW 3 Series Luxury Line","Bangalore",2017,21000,"Diesel","Automatic","First",21.76,1995,190,5,35
"Mercedes-Benz","Mercedes-Benz M-Class ML 350 CDI Corporate","Bangalore",2011,54000,"Diesel","Automatic","First",14,2987,224,5,21.99
"Audi","Audi Q5 30 TDI quattro Premium","Mumbai",2015,52000,"Diesel","Automatic","First",14.16,1968,174.3,5,25.49
"Audi","Audi A6 35 TDI Matrix","Chennai",2015,20000,"Diesel","Automatic","First",18.53,1968,187.74,5,35.5
"Ford","Ford Endeavour 3.2 Titanium AT 4X4","Chennai",2017,17000,"Diesel","Automatic","First",10.91,3198,197,7,31
"BMW","BMW 3 Series 320d Luxury Line","Hyderabad",2015,47000,"Diesel","Automatic","First",22.69,1995,190,5,29.5
"Porsche","Porsche Cayenne S Diesel","Coimbatore",2016,65003,"Diesel","Automatic","First",13.6,4134,382,5,67.83
"Audi","Audi Q3 2012-2015 2.0 TDI Quattro Premium Plus","Hyderabad",2013,63716,"Diesel","Automatic","First",15.73,1968,174.33,5,23
"Audi","Audi A4 2.0 TDI 177 Bhp Premium Plus","Bangalore",2014,29063,"Diesel","Automatic","First",17.11,1968,174.33,5,25.75
"BMW","BMW 5 Series 2013-2017 520d Luxury Line","Pune",2014,32000,"Diesel","Automatic","First",18.12,1995,190,5,30.5
"Mercedes-Benz","Mercedes-Benz M-Class ML 350 4Matic","Ahmedabad",2012,66000,"Diesel","Automatic","First",13.51,2987,165,5,23
"Land","Land Rover Range Rover 2.2L Prestige","Delhi",2015,37000,"Diesel","Automatic","First",12.7,2179,187.7,5,36
"Mini","Mini Cooper S Carbon Edition","Mumbai",2013,52000,"Petrol","Automatic","First",13.6,1598,181,4,25
"Audi","Audi Q7 3.0 TDI Quattro Premium Plus","Delhi",2014,58000,"Diesel","Automatic","First",12.07,2967,241.4,7,32
"Land","Land Rover Range Rover 2.2L Pure","Delhi",2014,38999,"Diesel","Automatic","First",12.7,2179,187.7,5,32.5
"Mercedes-Benz","Mercedes-Benz R-Class R350 4Matic Long","Kochi",2014,45710,"Petrol","Automatic","First",11.8,3498,272,7,23.68
"Land","Land Rover Range Rover Vogue SE 4.4 SDV8","Coimbatore",2013,75995,"Diesel","Automatic","Second",11.49,4367,335.3,5,65.81
"BMW","BMW 3 Series Sport","Mumbai",2016,19000,"Diesel","Automatic","Second",21.76,1995,190,5,29.99
"Hyundai","Hyundai Santa Fe 4x4 AT","Bangalore",2016,36000,"Diesel","Automatic","First",11.72,2199,194.3,7,23
"Ford","Ford Endeavour 3.2 Titanium AT 4X4","Coimbatore",2017,54650,"Diesel","Automatic","First",10.91,3198,197,7,30.35
"Mercedes-Benz","Mercedes-Benz GLA Class 200 d Style","Kochi",2016,26212,"Diesel","Automatic","First",17.9,2143,136,5,24.46
"Mercedes-Benz","Mercedes-Benz E-Class Facelift","Bangalore",2014,28000,"Diesel","Automatic","First",13,2987,258,5,31.75
"Audi","Audi A6 2011-2015 35 TDI Technology","Bangalore",2015,37500,"Diesel","Automatic","First",17.68,1968,174.33,5,32
"Mercedes-Benz","Mercedes-Benz S Class 2005 2013 S 350 CDI","Hyderabad",2010,37000,"Diesel","Automatic","First",13.5,2987,282,5,21
"Land","Land Rover Range Rover HSE Dynamic","Kochi",2018,52827,"Diesel","Automatic","First",12.7,2179,187.7,5,44.76
"Porsche","Porsche Cayenne 2009-2014 Diesel","Kochi",2015,47877,"Diesel","Automatic","First",15.15,2967,240,5,48.22
"BMW","BMW X3 xDrive 20d Luxury Line","Mumbai",2018,1400,"Diesel","Automatic","First",18.56,1995,190,5,61.25
"Mini","Mini Cooper 3 DOOR S","Kochi",2016,21110,"Petrol","Automatic","First",17.44,1998,189.08,4,28.95
"Bentley","Bentley Continental Flying Spur","Hyderabad",2006,48000,"Petrol","Automatic","First",8.6,5998,552,4,59
"Mercedes-Benz","Mercedes-Benz New C-Class C 220 CDI BE Avantgare","Bangalore",2016,37944,"Diesel","Automatic","First",14.84,2143,167.62,5,35
"Land","Land Rover Freelander 2 SE","Kochi",2014,59885,"Diesel","Automatic","First",12.39,2179,147.51,5,20.11
"BMW","BMW X6 xDrive 40d M Sport","Ahmedabad",2015,97003,"Diesel","Automatic","First",15.87,2993,308.43,5,85
"Land","Land Rover Discovery Sport SD4 HSE Luxury","Delhi",2016,70000,"Diesel","Automatic","First",12.97,2179,187.7,5,35
"Land","Land Rover Range Rover Sport SE","Delhi",2014,47000,"Diesel","Automatic","Second",12.65,2993,255,5,64.75
"BMW","BMW 5 Series 2013-2017 530d M Sport","Pune",2014,88000,"Diesel","Automatic","First",14.69,2993,258,5,27
"Mercedes-Benz","Mercedes-Benz GLA Class 200 CDI SPORT","Bangalore",2017,16500,"Diesel","Automatic","First",17.9,2143,136,5,34
"BMW","BMW 5 Series 520d Luxury Line","Coimbatore",2016,75637,"Diesel","Automatic","First",22.48,1995,190,5,30.37
"Audi","Audi A4 3.0 TDI Quattro","Bangalore",2014,30000,"Diesel","Automatic","First",14.94,2967,241.4,5,24.5
"BMW","BMW 3 Series 320d Luxury Line","Kochi",2016,62404,"Diesel","Automatic","First",22.69,1995,190,5,21.33
"BMW","BMW 3 Series Luxury Line","Coimbatore",2017,34232,"Diesel","Automatic","First",21.76,1995,190,5,35.84
"Toyota","Toyota Fortuner 2.8 2WD AT","Coimbatore",2019,28069,"Diesel","Automatic","First",12.9,2755,174.5,7,30.85
"Audi","Audi Q5 2008-2012 2.0 TDI","Kochi",2013,12467,"Diesel","Automatic","First",12.8,1968,167.6,5,25.64
"BMW","BMW 5 Series 2013-2017 520d Luxury Line","Jaipur",2013,40714,"Diesel","Automatic","Second",18.12,1995,190,5,24.75
"Mercedes-Benz","Mercedes-Benz E-Class 2009-2013 E 220 CDI Avantgarde","Jaipur",2013,60000,"Diesel","Automatic","First",10,2148,170,5,27
"BMW","BMW X1 xDrive 20d xLine","Delhi",2017,23000,"Diesel","Automatic","First",20.68,1995,190,5,28.75
"Porsche","Porsche Panamera 2010 2013 Diesel","Delhi",2013,36400,"Diesel","Automatic","First",7.5,4806,394.3,4,72
"BMW","BMW 5 Series 520d Sport Line","Delhi",2017,16485,"Diesel","Automatic","First",22.48,1995,187.74,5,42.75
"Mercedes-Benz","Mercedes-Benz CLA 200 D Sport Edition","Coimbatore",2019,15976,"Diesel","Automatic","First",17.9,2143,136,5,36.76
"Mercedes-Benz","Mercedes-Benz S Class 2005 2013 S 300 L","Pune",2013,80000,"Petrol","Automatic","First",13,2987,210,5,25
"Audi","Audi A4 2.0 TDI","Bangalore",2014,37600,"Diesel","Automatic","Second",16.55,1968,147.51,5,22.5
"BMW","BMW 7 Series 730Ld","Chennai",2013,38000,"Diesel","Automatic","First",16.46,2993,258,5,45
"BMW","BMW X1 xDrive 20d xLine","Kochi",2018,30733,"Diesel","Automatic","First",20.68,1995,190,5,29.3
"BMW","BMW X5 xDrive 30d M Sport","Chennai",2017,21000,"Diesel","Automatic","Second",15.97,2993,258,5,55
"Audi","Audi A6 2011-2015 2.0 TDI Premium Plus","Pune",2013,85000,"Diesel","Automatic","First",17.68,1968,174.33,5,21
"Hyundai","Hyundai Santa Fe 4WD AT","Coimbatore",2016,45794,"Diesel","Automatic","First",13.01,2199,194.3,7,20.67
"Mercedes-Benz","Mercedes-Benz E-Class 2015-2017 E250 Edition E","Coimbatore",2018,41467,"Diesel","Automatic","First",15,2143,204,5,37.98
"BMW","BMW 3 Series 320d Prestige","Hyderabad",2015,30000,"Diesel","Automatic","First",18.88,1995,184,5,22
"Toyota","Toyota Fortuner 4x2 AT","Delhi",2015,92000,"Diesel","Automatic","First",12.55,2982,168.5,7,19.75
"Audi","Audi Q7 3.0 TDI Quattro Premium Plus","Coimbatore",2015,55662,"Diesel","Automatic","First",12.07,2967,241.4,7,42.83
"Volvo","Volvo S60 D4 Momentum","Hyderabad",2014,51000,"Diesel","Automatic","First",27.03,1969,190,5,21.5
"BMW","BMW 6 Series Gran Coupe","Mumbai",2013,30000,"Diesel","Automatic","First",17.54,2993,313,4,45
"Audi","Audi A4 2.0 TDI 177 Bhp Premium Plus","Chennai",2014,40000,"Diesel","Automatic","First",17.11,1968,174.33,5,22
"Lamborghini","Lamborghini Gallardo Coupe","Delhi",2011,6500,"Petrol","Automatic","Third",6.4,5204,560,2,120
"Jaguar","Jaguar XF 3.0 Litre S Premium Luxury","Hyderabad",2012,35000,"Diesel","Automatic","First",14.74,2993,270.9,5,29
"Mercedes-Benz","Mercedes-Benz E-Class 2015-2017 E250 CDI Avantgarde","Coimbatore",2016,41082,"Diesel","Automatic","First",13,2143,204,5,38.76
"Mercedes-Benz","Mercedes-Benz GL-Class 350 CDI Blue Efficiency","Chennai",2013,100000,"Diesel","Automatic","Second",11.3,2987,254.8,7,38
"BMW","BMW 5 Series 525d Sedan","Mumbai",2013,35000,"Diesel","Automatic","First",16.73,2993,218,5,21
"Audi","Audi A6 2011-2015 35 TDI Technology","Coimbatore",2017,55975,"Diesel","Automatic","Second",17.68,1968,174.33,5,35.92
"Toyota","Toyota Fortuner 4x2 Manual","Jaipur",2016,73053,"Diesel","Manual","First",13,2982,168.5,7,20
"Mercedes-Benz","Mercedes-Benz GL-Class 2007 2012 350 CDI Luxury","Mumbai",2015,48600,"Diesel","Automatic","First",12,2987,224,7,48.5
"Skoda","Skoda Superb L&K 2.0 TDI AT","Mumbai",2017,35000,"Diesel","Automatic","First",18.19,1968,174.5,5,25.75
"BMW","BMW 3 Series 330d Convertible","Kochi",2014,51240,"Diesel","Automatic","First",8.2,2993,245,4,29.52
"Mercedes-Benz","Mercedes-Benz E-Class 200 Kompressor Elegance","Delhi",2014,40000,"Petrol","Automatic","First",10.5,1796,157.7,5,24
"Mercedes-Benz","Mercedes-Benz C-Class Progressive C 220d","Ahmedabad",2019,4000,"Diesel","Automatic","First",12.6,1950,194,5,35
"Mercedes-Benz","Mercedes-Benz GLC 220","Coimbatore",2017,50794,"Diesel","Automatic","First",17.9,2143,170,5,43.3
"Toyota","Toyota Fortuner 4x4 AT","Delhi",2015,90000,"Diesel","Automatic","First",12.55,2982,168.5,7,21.5
"Jaguar","Jaguar F Type 5.0 V8 S","Hyderabad",2015,8000,"Petrol","Automatic","First",12.5,5000,488.1,2,100
"Mercedes-Benz","Mercedes-Benz E-Class 2015-2017 E250 CDI Avantgarde","Mumbai",2016,21000,"Diesel","Automatic","First",13,2143,204,5,36
"Skoda","Skoda Superb Style 2.0 TDI AT","Mumbai",2017,42000,"Diesel","Automatic","First",18.19,1968,174.5,5,22.99
"Audi","Audi Q5 3.0 TDI Quattro Technology","Coimbatore",2018,29091,"Diesel","Automatic","First",13.22,2967,241.4,5,45.52
"BMW","BMW 5 Series 2013-2017 530d M Sport","Bangalore",2016,16000,"Diesel","Automatic","First",14.69,2993,258,5,48
"Audi","Audi Q3 2.0 TDI","Bangalore",2014,65630,"Diesel","Automatic","First",15.73,1968,174.33,5,21.75
"Mercedes-Benz","Mercedes-Benz GLA Class 200 Sport","Kochi",2018,17773,"Petrol","Automatic","First",13.7,1991,183,5,26.76
"Jaguar","Jaguar XF 2.2 Litre Luxury","Kochi",2016,31150,"Diesel","Automatic","First",16.36,2179,187.7,5,30.54
"Porsche","Porsche Panamera Diesel","Hyderabad",2013,40000,"Diesel","Automatic","Second",17.85,2967,300,4,45
"Toyota","Toyota Camry Hybrid","Mumbai",2015,33500,"Petrol","Automatic","First",19.16,2494,158.2,5,19.75
